9.89448126921266e-05,-80.5459866183666,37.1623418863038
9.89448126921266e-05,-80.5458058428928,37.1622816199322
9.89448126921266e-05,-80.5453237749628,37.1622213535607
9.89448126921266e-05,-80.5448417070328,37.1621610871892
9.89448126921266e-05,-80.5443596391028,37.1622213535607
9.89448126921266e-05,-80.5438775711728,37.1623418863038
9.89448126921266e-05,-80.5438775711728,37.1623418863038
9.89448126921266e-05,-80.5433955032428,37.1625226854183
9.89448126921266e-05,-80.5429134353128,37.1627637509044
9.89448126921266e-05,-80.5427929183302,37.1628240172759
9.89448126921266e-05,-80.5424313673827,37.163065082762
9.89448126921266e-05,-80.5421903334177,37.1633061482481
9.89448126921266e-05,-80.5419492994527,37.1635472137341
9.89448126921266e-05,-80.5417082654877,37.1637882792202
9.89448126921266e-05,-80.5414672315227,37.1641498774493
9.89448126921266e-05,-80.5413467145402,37.1642704101924
9.89448126921266e-05,-80.541045422084,37.1647525411645
9.89448126921266e-05,-80.5409851635927,37.1648730739076
9.89448126921266e-05,-80.5407441296277,37.1652346721367
9.89448126921266e-05,-80.5405030956627,37.1657168031088
9.89448126921266e-05,-80.5405030956627,37.1657770694803
9.89448126921266e-05,-80.5402620616977,37.166198934081
9.89448126921266e-05,-80.5400210277327,37.1666810650531
9.89448126921266e-05,-80.5400210277327,37.1666810650531
9.89448126921266e-05,-80.5397197352764,37.1671631960253
9.89448126921266e-05,-80.5395389598027,37.1675247942544
9.89448126921266e-05,-80.5394787013114,37.1676453269974
9.89448126921266e-05,-80.5391774088552,37.1681274579696
9.89448126921266e-05,-80.5390568918726,37.1683685234557
9.89448126921266e-05,-80.5389363748901,37.1686095889417
9.89448126921266e-05,-80.5386953409251,37.1690917199139
9.89448126921266e-05,-80.5385748239426,37.1693930517715
9.89448126921266e-05,-80.5385145654514,37.169573850886
9.89448126921266e-05,-80.5383337899776,37.1700559818582
9.89448126921266e-05,-80.5382132729951,37.1705381128304
9.89448126921266e-05,-80.5382132729951,37.1710202438025
9.89448126921266e-05,-80.5381530145039,37.1715023747747
9.89448126921266e-05,-80.5382132729951,37.1719845057468
9.89448126921266e-05,-80.5383337899776,37.172466636719
9.89448126921266e-05,-80.5385145654514,37.1729487676911
9.89448126921266e-05,-80.5385748239426,37.1731295668057
9.89448126921266e-05,-80.5386953409251,37.1734308986633
9.89448126921266e-05,-80.5390568918726,37.1739130296354
9.89448126921266e-05,-80.5390568918726,37.1739130296354
9.89448126921266e-05,-80.5395389598027,37.1743951606076
9.89448126921266e-05,-80.5395389598027,37.1743951606076
9.89448126921266e-05,-80.5400210277327,37.1747567588367
9.89448126921266e-05,-80.5403223201889,37.1748772915797
9.89448126921266e-05,-80.5405030956627,37.1749375579513
9.89448126921266e-05,-80.5409851635927,37.1751183570658
9.89448126921266e-05,-80.5414672315227,37.1751786234373
9.89448126921266e-05,-80.5419492994527,37.1751786234373
9.89448126921266e-05,-80.5424313673827,37.1751183570658
9.89448126921266e-05,-80.5429134353128,37.1749978243228
9.89448126921266e-05,-80.543214727769,37.1748772915797
9.89448126921266e-05,-80.5433955032428,37.1748170252082
9.89448126921266e-05,-80.5438775711728,37.1745759597221
9.89448126921266e-05,-80.5441186051378,37.1743951606076
9.89448126921266e-05,-80.5443596391028,37.174214361493
9.89448126921266e-05,-80.5447211900503,37.1739130296354
9.89448126921266e-05,-80.5448417070328,37.1737924968924
9.89448126921266e-05,-80.5452032579803,37.1734308986633
9.89448126921266e-05,-80.5453237749628,37.1732500995487
9.89448126921266e-05,-80.5455045504366,37.1729487676911
9.89448126921266e-05,-80.5458058428928,37.1725269030905
9.89448126921266e-05,-80.5458661013841,37.172466636719
9.89448126921266e-05,-80.5461071353491,37.1719845057468
9.89448126921266e-05,-80.5462879108228,37.1716229075177
9.89448126921266e-05,-80.5463481693141,37.1715023747747
9.89448126921266e-05,-80.5465892032791,37.1710202438025
9.89448126921266e-05,-80.5467699787528,37.1707189119449
9.89448126921266e-05,-80.5468904957354,37.1705381128304
9.89448126921266e-05,-80.5471315297004,37.1700559818582
9.89448126921266e-05,-80.5472520466829,37.1698751827436
9.89448126921266e-05,-80.5474328221566,37.169573850886
9.89448126921266e-05,-80.5476738561216,37.1690917199139
9.89448126921266e-05,-80.5477341146129,37.1690314535424
9.89448126921266e-05,-80.5479751485779,37.1686095889417
9.89448126921266e-05,-80.5481559240516,37.1681274579696
9.89448126921266e-05,-80.5482161825429,37.1680069252265
9.89448126921266e-05,-80.5483969580166,37.1676453269974
9.89448126921266e-05,-80.5485174749991,37.1671631960253
9.89448126921266e-05,-80.5486379919816,37.1666810650531
9.89448126921266e-05,-80.5486379919816,37.166198934081
9.89448126921266e-05,-80.5486379919816,37.1657168031088
9.89448126921266e-05,-80.5485777334904,37.1652346721367
9.89448126921266e-05,-80.5484572165079,37.1647525411645
9.89448126921266e-05,-80.5482764410341,37.1642704101924
9.89448126921266e-05,-80.5482161825429,37.1642101438208
9.89448126921266e-05,-80.5479751485779,37.1637882792202
9.89448126921266e-05,-80.5477341146129,37.1634869473626
9.89448126921266e-05,-80.5475533391391,37.1633061482481
9.89448126921266e-05,-80.5472520466829,37.1630048163905
9.89448126921266e-05,-80.5470110127179,37.1628240172759
9.89448126921266e-05,-80.5467699787528,37.1627034845329
9.89448126921266e-05,-80.5462879108228,37.1624624190468
9.89448126921266e-05,-80.5459866183666,37.1623418863038
9.89448126921266e-05,-80.5689451035334,37.1739130296354
9.89448126921266e-05,-80.5689451035334,37.1739130296354
9.89448126921266e-05,-80.5684630356034,37.1737924968924
9.89448126921266e-05,-80.5679809676734,37.1737322305209
9.89448126921266e-05,-80.5674988997434,37.1737322305209
9.89448126921266e-05,-80.5670168318134,37.1737924968924
9.89448126921266e-05,-80.5666552808659,37.1739130296354
9.89448126921266e-05,-80.5665347638834,37.1739732960069
9.89448126921266e-05,-80.5660526959533,37.1741540951215
9.89448126921266e-05,-80.5656911450058,37.1743951606076
9.89448126921266e-05,-80.5655706280233,37.1745156933506
9.89448126921266e-05,-80.5651488185846,37.1748772915797
9.89448126921266e-05,-80.5650885600933,37.1749375579513
9.89448126921266e-05,-80.5647872676371,37.1753594225519
9.89448126921266e-05,-80.5646064921633,37.1756607544095
9.89448126921266e-05,-80.5644859751808,37.175841553524
9.89448126921266e-05,-80.5643051997071,37.1763236844962
9.89448126921266e-05,-80.5642449412158,37.1768058154683
9.89448126921266e-05,-80.5641846827245,37.1772879464405
9.89448126921266e-05,-80.5641846827245,37.1777700774127
9.89448126921266e-05,-80.5643051997071,37.1782522083848
9.89448126921266e-05,-80.5644257166896,37.178734339357
9.89448126921266e-05,-80.5646064921633,37.1790356712146
9.89448126921266e-05,-80.5647270091458,37.1792164703291
9.89448126921266e-05,-80.5650283016021,37.1796986013013
9.89448126921266e-05,-80.5650885600933,37.1797588676728
9.89448126921266e-05,-80.5655706280233,37.1801807322734
9.89448126921266e-05,-80.5655706280233,37.1801807322734
9.89448126921266e-05,-80.5660526959533,37.1805423305025
9.89448126921266e-05,-80.5663539884096,37.1806628632456
9.89448126921266e-05,-80.5665347638834,37.1807231296171
9.89448126921266e-05,-80.5670168318134,37.1809039287317
9.89448126921266e-05,-80.5674988997434,37.1809641951032
9.89448126921266e-05,-80.5679809676734,37.1809641951032
9.89448126921266e-05,-80.5684630356034,37.1809039287317
9.89448126921266e-05,-80.5689451035334,37.1807833959886
9.89448126921266e-05,-80.5692463959897,37.1806628632456
9.89448126921266e-05,-80.5694271714634,37.1806025968741
9.89448126921266e-05,-80.5699092393935,37.1803012650165
9.89448126921266e-05,-80.5700297563759,37.1801807322734
9.89448126921266e-05,-80.5703913073235,37.1798794004158
9.89448126921266e-05,-80.5705720827972,37.1796986013013
9.89448126921266e-05,-80.5708733752535,37.1792767367006
9.89448126921266e-05,-80.5708733752535,37.1792164703291
9.89448126921266e-05,-80.5711746677097,37.178734339357
9.89448126921266e-05,-80.5712951846922,37.1782522083848
9.89448126921266e-05,-80.5713554431835,37.1780111428987
9.89448126921266e-05,-80.5714157016747,37.1777700774127
9.89448126921266e-05,-80.5714157016747,37.1772879464405
9.89448126921266e-05,-80.5713554431835,37.1768058154683
9.89448126921266e-05,-80.5713554431835,37.1766852827253
9.89448126921266e-05,-80.5712951846922,37.1763236844962
9.89448126921266e-05,-80.5711144092185,37.175841553524
9.89448126921266e-05,-80.5708733752535,37.1754196889234
9.89448126921266e-05,-80.5708131167622,37.1753594225519
9.89448126921266e-05,-80.5704515658147,37.1748772915797
9.89448126921266e-05,-80.5703913073235,37.1748170252082
9.89448126921266e-05,-80.5699092393935,37.1743951606076
9.89448126921266e-05,-80.5699092393935,37.1743951606076
9.89448126921266e-05,-80.5694271714634,37.17409382875
9.89448126921266e-05,-80.5689451035334,37.1739130296354
9.89448126921266e-05,-80.5364657767488,37.1777700774127
9.89448126921266e-05,-80.5361644842926,37.1777098110411
9.89448126921266e-05,-80.5356824163626,37.1777098110411
9.89448126921266e-05,-80.5352003484326,37.1777098110411
9.89448126921266e-05,-80.5350195729588,37.1777700774127
9.89448126921266e-05,-80.5347182805025,37.1778303437842
9.89448126921266e-05,-80.5342362125725,37.1780111428987
9.89448126921266e-05,-80.5337541446425,37.1782522083848
9.89448126921266e-05,-80.5337541446425,37.1782522083848
9.89448126921266e-05,-80.5332720767125,37.1785535402424
9.89448126921266e-05,-80.5330913012387,37.178734339357
9.89448126921266e-05,-80.5327900087825,37.1790356712146
9.89448126921266e-05,-80.5326694918,37.1792164703291
9.89448126921266e-05,-80.5323681993437,37.1796986013013
9.89448126921266e-05,-80.5323079408525,37.1798191340443
9.89448126921266e-05,-80.5321271653787,37.1801807322734
9.89448126921266e-05,-80.5320066483962,37.1806628632456
9.89448126921266e-05,-80.531946389905,37.1811449942177
9.89448126921266e-05,-80.531946389905,37.1816271251899
9.89448126921266e-05,-80.5320066483962,37.182109256162
9.89448126921266e-05,-80.5321271653787,37.1825913871342
9.89448126921266e-05,-80.5323079408525,37.1830132517348
9.89448126921266e-05,-80.5323079408525,37.1830735181063
9.89448126921266e-05,-80.5326092333087,37.1835556490785
9.89448126921266e-05,-80.5327900087825,37.1837967145646
9.89448126921266e-05,-80.5329707842562,37.1840377800506
9.89448126921266e-05,-80.5332720767125,37.1843391119082
9.89448126921266e-05,-80.5335733691688,37.1845199110228
9.89448126921266e-05,-80.5337541446425,37.1846404437658
9.89448126921266e-05,-80.5342362125725,37.1848815092519
9.89448126921266e-05,-80.53459776352,37.185002041995
9.89448126921266e-05,-80.5347182805025,37.1850623083665
9.89448126921266e-05,-80.5352003484326,37.185122574738
9.89448126921266e-05,-80.5356824163626,37.185122574738
9.89448126921266e-05,-80.5361644842926,37.1850623083665
9.89448126921266e-05,-80.5362850012751,37.185002041995
9.89448126921266e-05,-80.5366465522226,37.1848815092519
9.89448126921266e-05,-80.5371286201526,37.1847007101374
9.89448126921266e-05,-80.5374299126089,37.1845199110228
9.89448126921266e-05,-80.5376106880826,37.1843993782798
9.89448126921266e-05,-80.5380324975214,37.1840377800506
9.89448126921266e-05,-80.5380927560126,37.1839775136791
9.89448126921266e-05,-80.5384543069601,37.1835556490785
9.89448126921266e-05,-80.5385748239426,37.1833748499639
9.89448126921266e-05,-80.5387555994164,37.1830735181063
9.89448126921266e-05,-80.5389966333814,37.1825913871342
9.89448126921266e-05,-80.5390568918726,37.1823503216481
9.89448126921266e-05,-80.5391171503639,37.182109256162
9.89448126921266e-05,-80.5391774088552,37.1816271251899
9.89448126921266e-05,-80.5391774088552,37.1811449942177
9.89448126921266e-05,-80.5391171503639,37.1806628632456
9.89448126921266e-05,-80.5390568918726,37.1803012650165
9.89448126921266e-05,-80.5390568918726,37.1801807322734
9.89448126921266e-05,-80.5388761163989,37.1796986013013
9.89448126921266e-05,-80.5385748239426,37.1792164703291
9.89448126921266e-05,-80.5385748239426,37.1792164703291
9.89448126921266e-05,-80.5382132729951,37.178734339357
9.89448126921266e-05,-80.5380927560126,37.1786138066139
9.89448126921266e-05,-80.5376709465739,37.1782522083848
9.89448126921266e-05,-80.5376106880826,37.1781919420133
9.89448126921266e-05,-80.5371286201526,37.1779508765272
9.89448126921266e-05,-80.5366465522226,37.1778303437842
9.89448126921266e-05,-80.5364657767488,37.1777700774127
9.89448126921266e-05,-80.5120610877919,37.1816271251899
9.89448126921266e-05,-80.5115790198619,37.1815668588184
9.89448126921266e-05,-80.5110969519319,37.1815668588184
9.89448126921266e-05,-80.5106148840019,37.1816271251899
9.89448126921266e-05,-80.5104943670194,37.1816271251899
9.89448126921266e-05,-80.5101328160719,37.1816873915614
9.89448126921266e-05,-80.5096507481419,37.1819284570475
9.89448126921266e-05,-80.5092891971944,37.182109256162
9.89448126921266e-05,-80.5091686802119,37.1821695225336
9.89448126921266e-05,-80.5086866122819,37.1825913871342
9.89448126921266e-05,-80.5086866122819,37.1825913871342
9.89448126921266e-05,-80.5082648028431,37.1830735181063
9.89448126921266e-05,-80.5082045443519,37.1831940508494
9.89448126921266e-05,-80.5079635103868,37.1835556490785
9.89448126921266e-05,-80.5077827349131,37.1840377800506
9.89448126921266e-05,-80.5077224764218,37.1842185791652
9.89448126921266e-05,-80.5076622179306,37.1845199110228
9.89448126921266e-05,-80.5076019594393,37.185002041995
9.89448126921266e-05,-80.5076019594393,37.1854841729671
9.89448126921266e-05,-80.5076622179306,37.1859663039393
9.89448126921266e-05,-80.5077224764218,37.1861471030538
9.89448126921266e-05,-80.5077827349131,37.1864484349114
9.89448126921266e-05,-80.5080237688781,37.1869305658836
9.89448126921266e-05,-80.5082045443519,37.1872318977412
9.89448126921266e-05,-80.5083250613344,37.1874126968557
9.89448126921266e-05,-80.5086866122819,37.1878948278279
9.89448126921266e-05,-80.5086866122819,37.1878948278279
9.89448126921266e-05,-80.5091686802119,37.1883166924285
9.89448126921266e-05,-80.5092891971944,37.1883769588
9.89448126921266e-05,-80.5096507481419,37.1886782906576
9.89448126921266e-05,-80.5100122990894,37.1888590897722
9.89448126921266e-05,-80.5101328160719,37.1889193561437
9.89448126921266e-05,-80.5106148840019,37.1891604216298
9.89448126921266e-05,-80.5109161764582,37.1893412207443
9.89448126921266e-05,-80.5110969519319,37.1894014871159
9.89448126921266e-05,-80.5115790198619,37.1897028189735
9.89448126921266e-05,-80.511820053827,37.1898233517165
9.89448126921266e-05,-80.5120610877919,37.190004150831
9.89448126921266e-05,-80.5124828972307,37.1903054826886
9.89448126921266e-05,-80.512543155722,37.1903657490602
9.89448126921266e-05,-80.5129649651607,37.1907876136608
9.89448126921266e-05,-80.513025223652,37.1908478800323
9.89448126921266e-05,-80.5133867745995,37.1912697446329
9.89448126921266e-05,-80.513507291582,37.191390277376
9.89448126921266e-05,-80.513748325547,37.1917518756051
9.89448126921266e-05,-80.513989359512,37.1920532074627
9.89448126921266e-05,-80.5141701349858,37.1922340065773
9.89448126921266e-05,-80.514471427442,37.1926558711779
9.89448126921266e-05,-80.5145316859333,37.1927161375494
9.89448126921266e-05,-80.5148329783895,37.1931982685216
9.89448126921266e-05,-80.514953495372,37.1933790676361
9.89448126921266e-05,-80.5151342708458,37.1936803994937
9.89448126921266e-05,-80.5153753048108,37.1941625304659
9.89448126921266e-05,-80.515435563302,37.194524128695
9.89448126921266e-05,-80.515435563302,37.194644661438
9.89448126921266e-05,-80.515435563302,37.1950665260387
9.89448126921266e-05,-80.515435563302,37.1951267924102
9.89448126921266e-05,-80.5153150463195,37.1956089233823
9.89448126921266e-05,-80.5151342708458,37.1960910543545
9.89448126921266e-05,-80.514953495372,37.1964526525836
9.89448126921266e-05,-80.5148932368808,37.1965731853266
9.89448126921266e-05,-80.514712461407,37.1970553162988
9.89448126921266e-05,-80.5145316859333,37.1975374472709
9.89448126921266e-05,-80.514471427442,37.1978387791285
9.89448126921266e-05,-80.5144111689508,37.1980195782431
9.89448126921266e-05,-80.5143509104595,37.1985017092152
9.89448126921266e-05,-80.5142906519683,37.1989838401874
9.89448126921266e-05,-80.5143509104595,37.1994659711596
9.89448126921266e-05,-80.5144111689508,37.1999481021317
9.89448126921266e-05,-80.514471427442,37.2000686348747
9.89448126921266e-05,-80.5145919444245,37.2004302331039
9.89448126921266e-05,-80.5148329783895,37.200912364076
9.89448126921266e-05,-80.514953495372,37.2010931631906
9.89448126921266e-05,-80.5151342708458,37.2013944950482
9.89448126921266e-05,-80.515435563302,37.2016958269058
9.89448126921266e-05,-80.5156163387758,37.2018766260203
9.89448126921266e-05,-80.5159176312321,37.2021176915064
9.89448126921266e-05,-80.5163996991621,37.2023587569925
9.89448126921266e-05,-80.5163996991621,37.2023587569925
9.89448126921266e-05,-80.5168817670921,37.202539556107
9.89448126921266e-05,-80.5173638350221,37.2026600888501
9.89448126921266e-05,-80.5178459029521,37.2027203552216
9.89448126921266e-05,-80.5183279708821,37.2027203552216
9.89448126921266e-05,-80.5188100388121,37.2026600888501
9.89448126921266e-05,-80.5192921067421,37.2024792897355
9.89448126921266e-05,-80.5195933991984,37.2023587569925
9.89448126921266e-05,-80.5197741746722,37.202298490621
9.89448126921266e-05,-80.5202562426022,37.2019971587634
9.89448126921266e-05,-80.5204370180759,37.2018766260203
9.89448126921266e-05,-80.5207383105322,37.2016355605342
9.89448126921266e-05,-80.5209793444972,37.2013944950482
9.89448126921266e-05,-80.5212203784622,37.2011534295621
9.89448126921266e-05,-80.5214614124272,37.200912364076
9.89448126921266e-05,-80.5217024463922,37.2006712985899
9.89448126921266e-05,-80.5219434803572,37.2004302331039
9.89448126921266e-05,-80.5221845143222,37.2002494339893
9.89448126921266e-05,-80.5226665822522,37.1999481021317
9.89448126921266e-05,-80.5226665822522,37.1999481021317
9.89448126921266e-05,-80.5231486501822,37.1998275693887
9.89448126921266e-05,-80.5236307181123,37.1998878357602
9.89448126921266e-05,-80.5238717520773,37.1999481021317
9.89448126921266e-05,-80.5241127860423,37.2000083685032
9.89448126921266e-05,-80.5245948539723,37.2002494339893
9.89448126921266e-05,-80.5249564049198,37.2004302331039
9.89448126921266e-05,-80.5250769219023,37.2004904994754
9.89448126921266e-05,-80.5255589898323,37.200791831333
9.89448126921266e-05,-80.5257397653061,37.200912364076
9.89448126921266e-05,-80.5260410577623,37.2010931631906
9.89448126921266e-05,-80.5265231256923,37.2013944950482
9.89448126921266e-05,-80.5265231256923,37.2013944950482
9.89448126921266e-05,-80.5270051936223,37.2016958269058
9.89448126921266e-05,-80.5273064860786,37.2018766260203
9.89448126921266e-05,-80.5274872615524,37.2019971587634
9.89448126921266e-05,-80.5279693294824,37.2022382242494
9.89448126921266e-05,-80.5282103634474,37.2023587569925
9.89448126921266e-05,-80.5284513974124,37.2024792897355
9.89448126921266e-05,-80.5289334653424,37.2026600888501
9.89448126921266e-05,-80.5294155332724,37.2028408879646
9.89448126921266e-05,-80.5294757917637,37.2028408879646
9.89448126921266e-05,-80.5298976012024,37.2029614207077
9.89448126921266e-05,-80.5303796691324,37.2030819534507
9.89448126921266e-05,-80.5308617370624,37.2032024861937
9.89448126921266e-05,-80.5313438049924,37.2032627525653
9.89448126921266e-05,-80.5317656144312,37.2033230189368
9.89448126921266e-05,-80.5318258729225,37.2033230189368
9.89448126921266e-05,-80.5323079408525,37.2034435516798
9.89448126921266e-05,-80.5327900087825,37.2035038180513
9.89448126921266e-05,-80.5332720767125,37.2035640844229
9.89448126921266e-05,-80.5337541446425,37.2036846171659
9.89448126921266e-05,-80.5342362125725,37.2037448835374
9.89448126921266e-05,-80.5345375050288,37.2038051499089
9.89448126921266e-05,-80.5347182805025,37.2038654162805
9.89448126921266e-05,-80.5352003484326,37.203925682652
9.89448126921266e-05,-80.5356824163626,37.203925682652
9.89448126921266e-05,-80.5361644842926,37.203925682652
9.89448126921266e-05,-80.5366465522226,37.203925682652
9.89448126921266e-05,-80.5371286201526,37.2038051499089
9.89448126921266e-05,-80.5372491371351,37.2038051499089
9.89448126921266e-05,-80.5376106880826,37.2036846171659
9.89448126921266e-05,-80.5380927560126,37.2035038180513
9.89448126921266e-05,-80.5384543069601,37.2033230189368
9.89448126921266e-05,-80.5385748239426,37.2032627525653
9.89448126921266e-05,-80.5390568918726,37.2029614207077
9.89448126921266e-05,-80.5391774088552,37.2028408879646
9.89448126921266e-05,-80.5395389598027,37.2024792897355
9.89448126921266e-05,-80.5396594767852,37.2023587569925
9.89448126921266e-05,-80.5400210277327,37.2019368923918
9.89448126921266e-05,-80.5400812862239,37.2018766260203
9.89448126921266e-05,-80.5403825786802,37.2013944950482
9.89448126921266e-05,-80.5405030956627,37.2012136959336
9.89448126921266e-05,-80.5406838711364,37.200912364076
9.89448126921266e-05,-80.5409249051014,37.2004302331039
9.89448126921266e-05,-80.5409851635927,37.2003097003608
9.89448126921266e-05,-80.5412261975577,37.1999481021317
9.89448126921266e-05,-80.5414672315227,37.1994659711596
9.89448126921266e-05,-80.5414672315227,37.1994659711596
9.89448126921266e-05,-80.5418287824702,37.1989838401874
9.89448126921266e-05,-80.5419492994527,37.1988633074444
9.89448126921266e-05,-80.5423711088915,37.1985017092152
9.89448126921266e-05,-80.5424313673827,37.1984414428437
9.89448126921266e-05,-80.5429134353128,37.1981401109861
9.89448126921266e-05,-80.5432749862603,37.1980195782431
9.89448126921266e-05,-80.5433955032428,37.1979593118716
9.89448126921266e-05,-80.5438775711728,37.1978990455001
9.89448126921266e-05,-80.5443596391028,37.197778512757
9.89448126921266e-05,-80.5448417070328,37.1977182463855
9.89448126921266e-05,-80.5453237749628,37.1975977136425
9.89448126921266e-05,-80.5456853259103,37.1975374472709
9.89448126921266e-05,-80.5458058428928,37.1975374472709
9.89448126921266e-05,-80.5462879108228,37.1973566481564
9.89448126921266e-05,-80.5467699787528,37.1971758490418
9.89448126921266e-05,-80.5470110127179,37.1970553162988
9.89448126921266e-05,-80.5472520466829,37.1969347835557
9.89448126921266e-05,-80.5477341146129,37.1966937180697
9.89448126921266e-05,-80.5479148900866,37.1965731853266
9.89448126921266e-05,-80.5482161825429,37.1963321198406
9.89448126921266e-05,-80.5486379919816,37.1960910543545
9.89448126921266e-05,-80.5486982504729,37.196030787983
9.89448126921266e-05,-80.5491803184029,37.1957294561254
9.89448126921266e-05,-80.5494213523679,37.1956089233823
9.89448126921266e-05,-80.5496623863329,37.1954883906393
9.89448126921266e-05,-80.5501444542629,37.1953678578963
9.89448126921266e-05,-80.5506265221929,37.1953075915247
9.89448126921266e-05,-80.551108590123,37.1953075915247
9.89448126921266e-05,-80.551590658053,37.1953075915247
9.89448126921266e-05,-80.552072725983,37.1953075915247
9.89448126921266e-05,-80.552554793913,37.1953678578963
9.89448126921266e-05,-80.553036861843,37.1953678578963
9.89448126921266e-05,-80.553518929773,37.1953075915247
9.89448126921266e-05,-80.554000997703,37.1951870587817
9.89448126921266e-05,-80.554242031668,37.1951267924102
9.89448126921266e-05,-80.5544830656331,37.1950665260387
9.89448126921266e-05,-80.5549651335631,37.1948254605526
9.89448126921266e-05,-80.5552664260193,37.194644661438
9.89448126921266e-05,-80.5554472014931,37.194524128695
9.89448126921266e-05,-80.5558690109318,37.1941625304659
9.89448126921266e-05,-80.5559292694231,37.1941022640943
9.89448126921266e-05,-80.5562908203706,37.1936803994937
9.89448126921266e-05,-80.5564113373531,37.1934996003792
9.89448126921266e-05,-80.5565921128268,37.1931982685216
9.89448126921266e-05,-80.5567728883006,37.1927161375494
9.89448126921266e-05,-80.5568934052831,37.1922340065773
9.89448126921266e-05,-80.5568934052831,37.1922340065773
9.89448126921266e-05,-80.5569536637744,37.1917518756051
9.89448126921266e-05,-80.5569536637744,37.1912697446329
9.89448126921266e-05,-80.5568934052831,37.1909081464038
9.89448126921266e-05,-80.5568934052831,37.1907876136608
9.89448126921266e-05,-80.5567126298094,37.1903054826886
9.89448126921266e-05,-80.5565318543356,37.1898233517165
9.89448126921266e-05,-80.5564113373531,37.1896425526019
9.89448126921266e-05,-80.5561703033881,37.1893412207443
9.89448126921266e-05,-80.5559292694231,37.1890398888867
9.89448126921266e-05,-80.5557484939493,37.1888590897722
9.89448126921266e-05,-80.5554472014931,37.1886180242861
9.89448126921266e-05,-80.5550253920543,37.1883769588
9.89448126921266e-05,-80.5549651335631,37.1883166924285
9.89448126921266e-05,-80.5544830656331,37.1881358933139
9.89448126921266e-05,-80.554000997703,37.1880153605709
9.89448126921266e-05,-80.553518929773,37.1879550941994
9.89448126921266e-05,-80.553036861843,37.1879550941994
9.89448126921266e-05,-80.552554793913,37.1880153605709
9.89448126921266e-05,-80.552072725983,37.1880756269424
9.89448126921266e-05,-80.551590658053,37.188256426057
9.89448126921266e-05,-80.551349624088,37.1883769588
9.89448126921266e-05,-80.551108590123,37.1884974915431
9.89448126921266e-05,-80.5506265221929,37.1887988234007
9.89448126921266e-05,-80.5505060052105,37.1888590897722
9.89448126921266e-05,-80.5501444542629,37.1891001552583
9.89448126921266e-05,-80.5497829033154,37.1893412207443
9.89448126921266e-05,-80.5496623863329,37.1894014871159
9.89448126921266e-05,-80.5491803184029,37.1897028189735
9.89448126921266e-05,-80.5488187674554,37.1898233517165
9.89448126921266e-05,-80.5486982504729,37.189883618088
9.89448126921266e-05,-80.5482161825429,37.190004150831
9.89448126921266e-05,-80.5477341146129,37.190004150831
9.89448126921266e-05,-80.5472520466829,37.190004150831
9.89448126921266e-05,-80.5467699787528,37.1899438844595
9.89448126921266e-05,-80.5462879108228,37.1899438844595
9.89448126921266e-05,-80.5458058428928,37.189883618088
9.89448126921266e-05,-80.5453237749628,37.189883618088
9.89448126921266e-05,-80.5448417070328,37.189883618088
9.89448126921266e-05,-80.5443596391028,37.1899438844595
9.89448126921266e-05,-80.5438775711728,37.190004150831
9.89448126921266e-05,-80.5433955032428,37.1901246835741
9.89448126921266e-05,-80.5429134353128,37.1901849499456
9.89448126921266e-05,-80.542491625874,37.1903054826886
9.89448126921266e-05,-80.5424313673827,37.1903054826886
9.89448126921266e-05,-80.5419492994527,37.1904260154317
9.89448126921266e-05,-80.5414672315227,37.1904862818032
9.89448126921266e-05,-80.5409851635927,37.1904862818032
9.89448126921266e-05,-80.5405030956627,37.1904862818032
9.89448126921266e-05,-80.5400210277327,37.1904260154317
9.89448126921266e-05,-80.5395389598027,37.1903657490602
9.89448126921266e-05,-80.5391171503639,37.1903054826886
9.89448126921266e-05,-80.5390568918726,37.1903054826886
9.89448126921266e-05,-80.5385748239426,37.1901849499456
9.89448126921266e-05,-80.5380927560126,37.1900644172026
9.89448126921266e-05,-80.5376106880826,37.1899438844595
9.89448126921266e-05,-80.5371888786438,37.1898233517165
9.89448126921266e-05,-80.5371286201526,37.1898233517165
9.89448126921266e-05,-80.5366465522226,37.1895822862304
9.89448126921266e-05,-80.5361644842926,37.1894014871159
9.89448126921266e-05,-80.5359837088188,37.1893412207443
9.89448126921266e-05,-80.5356824163626,37.1891604216298
9.89448126921266e-05,-80.5352003484326,37.1889193561437
9.89448126921266e-05,-80.5350195729588,37.1888590897722
9.89448126921266e-05,-80.5347182805025,37.1886782906576
9.89448126921266e-05,-80.5342362125725,37.1884372251715
9.89448126921266e-05,-80.5340554370988,37.1883769588
9.89448126921266e-05,-80.5337541446425,37.1881961596855
9.89448126921266e-05,-80.5332720767125,37.1880153605709
9.89448126921266e-05,-80.532910525765,37.1878948278279
9.89448126921266e-05,-80.5327900087825,37.1878345614564
9.89448126921266e-05,-80.5323079408525,37.1877140287133
9.89448126921266e-05,-80.5318258729225,37.1875934959703
9.89448126921266e-05,-80.5313438049924,37.1875332295988
9.89448126921266e-05,-80.5308617370624,37.1874729632272
9.89448126921266e-05,-80.5303796691324,37.1874126968557
9.89448126921266e-05,-80.5303194106412,37.1874126968557
9.89448126921266e-05,-80.5298976012024,37.1874126968557
9.89448126921266e-05,-80.5294155332724,37.1873524304842
9.89448126921266e-05,-80.5289334653424,37.1874126968557
9.89448126921266e-05,-80.5284513974124,37.1874126968557
9.89448126921266e-05,-80.5283911389211,37.1874126968557
9.89448126921266e-05,-80.5279693294824,37.1874126968557
9.89448126921266e-05,-80.5274872615524,37.1874729632272
9.89448126921266e-05,-80.5270051936223,37.1875332295988
9.89448126921266e-05,-80.5265231256923,37.1875934959703
9.89448126921266e-05,-80.5260410577623,37.1876537623418
9.89448126921266e-05,-80.5255589898323,37.1877140287133
9.89448126921266e-05,-80.5250769219023,37.1877742950848
9.89448126921266e-05,-80.5245948539723,37.1878345614564
9.89448126921266e-05,-80.5241127860423,37.1878948278279
9.89448126921266e-05,-80.5239922690598,37.1878948278279
9.89448126921266e-05,-80.5236307181123,37.1878948278279
9.89448126921266e-05,-80.5231486501822,37.1878948278279
9.89448126921266e-05,-80.5230281331997,37.1878948278279
9.89448126921266e-05,-80.5226665822522,37.1878345614564
9.89448126921266e-05,-80.5221845143222,37.1877742950848
9.89448126921266e-05,-80.5217024463922,37.1875934959703
9.89448126921266e-05,-80.5212806369534,37.1874126968557
9.89448126921266e-05,-80.5212203784622,37.1874126968557
9.89448126921266e-05,-80.5207383105322,37.1871113649981
9.89448126921266e-05,-80.5203767595847,37.1869305658836
9.89448126921266e-05,-80.5202562426022,37.186870299512
9.89448126921266e-05,-80.5197741746722,37.1865689676545
9.89448126921266e-05,-80.5195331407071,37.1864484349114
9.89448126921266e-05,-80.5192921067421,37.1863279021684
9.89448126921266e-05,-80.5188100388121,37.1860868366823
9.89448126921266e-05,-80.5185690048471,37.1859663039393
9.89448126921266e-05,-80.5183279708821,37.1858457711962
9.89448126921266e-05,-80.5178459029521,37.1856649720817
9.89448126921266e-05,-80.5174843520046,37.1854841729671
9.89448126921266e-05,-80.5173638350221,37.1854239065956
9.89448126921266e-05,-80.5168817670921,37.1851828411095
9.89448126921266e-05,-80.5165804746358,37.185002041995
9.89448126921266e-05,-80.5163996991621,37.1848815092519
9.89448126921266e-05,-80.5159176312321,37.1845199110228
9.89448126921266e-05,-80.5159176312321,37.1845199110228
9.89448126921266e-05,-80.515435563302,37.1840377800506
9.89448126921266e-05,-80.515435563302,37.1840377800506
9.89448126921266e-05,-80.514953495372,37.1835556490785
9.89448126921266e-05,-80.514953495372,37.1835556490785
9.89448126921266e-05,-80.5145316859333,37.1830735181063
9.89448126921266e-05,-80.514471427442,37.1830132517348
9.89448126921266e-05,-80.513989359512,37.1825913871342
9.89448126921266e-05,-80.513989359512,37.1825913871342
9.89448126921266e-05,-80.513507291582,37.1822297889051
9.89448126921266e-05,-80.513266257617,37.182109256162
9.89448126921266e-05,-80.513025223652,37.181988723419
9.89448126921266e-05,-80.512543155722,37.1817476579329
9.89448126921266e-05,-80.5120610877919,37.1816271251899
9.89448126921266e-05,-80.5120610877919,37.1816271251899
9.89448126921266e-05,-80.5563510788619,37.2327330082381
9.89448126921266e-05,-80.5559292694231,37.2326727418666
9.89448126921266e-05,-80.5554472014931,37.2326727418666
9.89448126921266e-05,-80.5550253920543,37.2327330082381
9.89448126921266e-05,-80.5549651335631,37.2327330082381
9.89448126921266e-05,-80.5544830656331,37.2328535409812
9.89448126921266e-05,-80.554000997703,37.2330946064672
9.89448126921266e-05,-80.553759963738,37.2332151392103
9.89448126921266e-05,-80.553518929773,37.2333959383248
9.89448126921266e-05,-80.5531573788255,37.2336972701824
9.89448126921266e-05,-80.553036861843,37.2338178029255
9.89448126921266e-05,-80.5527355693868,37.2341794011546
9.89448126921266e-05,-80.552554793913,37.2344807330122
9.89448126921266e-05,-80.5524342769305,37.2346615321267
9.89448126921266e-05,-80.5522535014567,37.2351436630989
9.89448126921266e-05,-80.5521329844742,37.2356257940711
9.89448126921266e-05,-80.552072725983,37.2361079250432
9.89448126921266e-05,-80.552072725983,37.2361079250432
9.89448126921266e-05,-80.552072725983,37.2361681914147
9.89448126921266e-05,-80.552072725983,37.2365900560154
9.89448126921266e-05,-80.5521329844742,37.2370721869875
9.89448126921266e-05,-80.552313759948,37.2375543179597
9.89448126921266e-05,-80.5524945354217,37.2380364489318
9.89448126921266e-05,-80.552554793913,37.2380967153033
9.89448126921266e-05,-80.5528560863693,37.238518579904
9.89448126921266e-05,-80.553036861843,37.23875964539
9.89448126921266e-05,-80.553277895808,37.2390007108761
9.89448126921266e-05,-80.553518929773,37.2391815099907
9.89448126921266e-05,-80.554000997703,37.2394828418483
9.89448126921266e-05,-80.554000997703,37.2394828418483
9.89448126921266e-05,-80.5544830656331,37.2397239073344
9.89448126921266e-05,-80.5549651335631,37.2398444400774
9.89448126921266e-05,-80.5554472014931,37.2399047064489
9.89448126921266e-05,-80.5559292694231,37.2399047064489
9.89448126921266e-05,-80.5564113373531,37.2398444400774
9.89448126921266e-05,-80.5568934052831,37.2397239073344
9.89448126921266e-05,-80.5573754732131,37.2394828418483
9.89448126921266e-05,-80.5573754732131,37.2394828418483
9.89448126921266e-05,-80.5578575411431,37.2391815099907
9.89448126921266e-05,-80.5580985751081,37.2390007108761
9.89448126921266e-05,-80.5583396090731,37.23875964539
9.89448126921266e-05,-80.5585203845469,37.238518579904
9.89448126921266e-05,-80.5588216770032,37.2380967153033
9.89448126921266e-05,-80.5588819354944,37.2380364489318
9.89448126921266e-05,-80.5590627109682,37.2375543179597
9.89448126921266e-05,-80.5592434864419,37.2370721869875
9.89448126921266e-05,-80.5593037449332,37.2365900560154
9.89448126921266e-05,-80.5593037449332,37.2361681914147
9.89448126921266e-05,-80.5593037449332,37.2361079250432
9.89448126921266e-05,-80.5593037449332,37.2361079250432
9.89448126921266e-05,-80.5592434864419,37.2356257940711
9.89448126921266e-05,-80.5591229694594,37.2351436630989
9.89448126921266e-05,-80.5589421939857,37.2346615321267
9.89448126921266e-05,-80.5588216770032,37.2344807330122
9.89448126921266e-05,-80.5586409015294,37.2341794011546
9.89448126921266e-05,-80.5583396090731,37.2338178029255
9.89448126921266e-05,-80.5582190920907,37.2336972701824
9.89448126921266e-05,-80.5578575411431,37.2333959383248
9.89448126921266e-05,-80.5576165071781,37.2332151392103
9.89448126921266e-05,-80.5573754732131,37.2330946064672
9.89448126921266e-05,-80.5568934052831,37.2328535409812
9.89448126921266e-05,-80.5564113373531,37.2327330082381
9.89448126921266e-05,-80.5563510788619,37.2327330082381
0.000197889625384253,-80.5453840334541,37.1647525411645
0.000197889625384253,-80.5453237749628,37.1647525411645
0.000197889625384253,-80.5448417070328,37.1646320084215
0.000197889625384253,-80.5443596391028,37.164692274793
0.000197889625384253,-80.5442391221203,37.1647525411645
0.000197889625384253,-80.5438775711728,37.1649333402791
0.000197889625384253,-80.543455761734,37.1652346721367
0.000197889625384253,-80.5433955032428,37.1652949385082
0.000197889625384253,-80.5430942107865,37.1657168031088
0.000197889625384253,-80.5429134353128,37.1659578685949
0.000197889625384253,-80.5427929183302,37.166198934081
0.000197889625384253,-80.542491625874,37.1666810650531
0.000197889625384253,-80.5424313673827,37.1668618641677
0.000197889625384253,-80.542250591909,37.1671631960253
0.000197889625384253,-80.542009557944,37.1676453269974
0.000197889625384253,-80.5419492994527,37.1677658597405
0.000197889625384253,-80.541768523979,37.1681274579696
0.000197889625384253,-80.5414672315227,37.1686095889417
0.000197889625384253,-80.5414672315227,37.1686095889417
0.000197889625384253,-80.5411659390665,37.1690917199139
0.000197889625384253,-80.5409851635927,37.169453318143
0.000197889625384253,-80.5409249051014,37.169573850886
0.000197889625384253,-80.5407441296277,37.1700559818582
0.000197889625384253,-80.5405633541539,37.1705381128304
0.000197889625384253,-80.5405030956627,37.1710202438025
0.000197889625384253,-80.5406236126452,37.1715023747747
0.000197889625384253,-80.5408043881189,37.1719845057468
0.000197889625384253,-80.5409851635927,37.1722255712329
0.000197889625384253,-80.5413467145402,37.172466636719
0.000197889625384253,-80.5414672315227,37.1725269030905
0.000197889625384253,-80.5419492994527,37.1726474358335
0.000197889625384253,-80.5424313673827,37.172587169462
0.000197889625384253,-80.5427929183302,37.172466636719
0.000197889625384253,-80.5429134353128,37.1724063703474
0.000197889625384253,-80.5433955032428,37.1720447721183
0.000197889625384253,-80.543455761734,37.1719845057468
0.000197889625384253,-80.5438173126815,37.1715023747747
0.000197889625384253,-80.5438775711728,37.1714421084031
0.000197889625384253,-80.5441186051378,37.1710202438025
0.000197889625384253,-80.5443596391028,37.1705381128304
0.000197889625384253,-80.5443596391028,37.1705381128304
0.000197889625384253,-80.5446006730678,37.1700559818582
0.000197889625384253,-80.5448417070328,37.169573850886
0.000197889625384253,-80.5448417070328,37.169573850886
0.000197889625384253,-80.5451429994891,37.1690917199139
0.000197889625384253,-80.5453237749628,37.1687903880563
0.000197889625384253,-80.5453840334541,37.1686095889417
0.000197889625384253,-80.5456853259103,37.1681274579696
0.000197889625384253,-80.5458058428928,37.167946658855
0.000197889625384253,-80.5459866183666,37.1676453269974
0.000197889625384253,-80.5461673938403,37.1671631960253
0.000197889625384253,-80.5462879108228,37.1666810650531
0.000197889625384253,-80.5462879108228,37.1666810650531
0.000197889625384253,-80.5463481693141,37.166198934081
0.000197889625384253,-80.5462879108228,37.1660181349664
0.000197889625384253,-80.5462276523316,37.1657168031088
0.000197889625384253,-80.5459866183666,37.1652346721367
0.000197889625384253,-80.5458058428928,37.1650538730221
0.000197889625384253,-80.5453840334541,37.1647525411645
0.000197889625384253,-80.5682220016384,37.1768058154683
0.000197889625384253,-80.5679809676734,37.1766852827253
0.000197889625384253,-80.5674988997434,37.1766852827253
0.000197889625384253,-80.5673783827609,37.1768058154683
0.000197889625384253,-80.5670770903046,37.1772879464405
0.000197889625384253,-80.5672578657784,37.1777700774127
0.000197889625384253,-80.5674988997434,37.1779508765272
0.000197889625384253,-80.5679809676734,37.1780111428987
0.000197889625384253,-80.5683425186209,37.1777700774127
0.000197889625384253,-80.5684630356034,37.1775290119266
0.000197889625384253,-80.5685232940947,37.1772879464405
0.000197889625384253,-80.5684630356034,37.1771674136975
0.000197889625384253,-80.5682220016384,37.1768058154683
0.000197889625384253,-80.5356824163626,37.1806628632456
0.000197889625384253,-80.5356824163626,37.1806628632456
0.000197889625384253,-80.5356221578713,37.1806628632456
0.000197889625384253,-80.5352003484326,37.1807833959886
0.000197889625384253,-80.5348990559763,37.1811449942177
0.000197889625384253,-80.5348990559763,37.1816271251899
0.000197889625384253,-80.5352003484326,37.181988723419
0.000197889625384253,-80.5356824163626,37.182109256162
0.000197889625384253,-80.5356824163626,37.182109256162
0.000197889625384253,-80.5356824163626,37.182109256162
0.000197889625384253,-80.5361644842926,37.1817476579329
0.000197889625384253,-80.5362247427838,37.1816271251899
0.000197889625384253,-80.5362247427838,37.1811449942177
0.000197889625384253,-80.5361644842926,37.1810244614747
0.000197889625384253,-80.5356824163626,37.1806628632456
0.000197889625384253,-80.5122418632657,37.1845199110228
0.000197889625384253,-80.5120610877919,37.1843993782798
0.000197889625384253,-80.5115790198619,37.1842185791652
0.000197889625384253,-80.5110969519319,37.1842185791652
0.000197889625384253,-80.5106148840019,37.1844596446513
0.000197889625384253,-80.5105546255107,37.1845199110228
0.000197889625384253,-80.5103135915457,37.185002041995
0.000197889625384253,-80.5103135915457,37.1854841729671
0.000197889625384253,-80.5104943670194,37.1859663039393
0.000197889625384253,-80.5106148840019,37.1860868366823
0.000197889625384253,-80.5110366934407,37.1864484349114
0.000197889625384253,-80.5110969519319,37.1865087012829
0.000197889625384253,-80.5115790198619,37.1866895003975
0.000197889625384253,-80.5120610877919,37.1866895003975
0.000197889625384253,-80.512543155722,37.186629234026
0.000197889625384253,-80.512784189687,37.1864484349114
0.000197889625384253,-80.5129649651607,37.1859663039393
0.000197889625384253,-80.5129047066695,37.1854841729671
0.000197889625384253,-80.5126636727045,37.185002041995
0.000197889625384253,-80.512543155722,37.1848212428804
0.000197889625384253,-80.5122418632657,37.1845199110228
0.000197889625384253,-80.5182677123909,37.1883769588
0.000197889625384253,-80.5178459029521,37.1881961596855
0.000197889625384253,-80.5173638350221,37.1880756269424
0.000197889625384253,-80.5168817670921,37.1880153605709
0.000197889625384253,-80.5163996991621,37.1880756269424
0.000197889625384253,-80.5159176312321,37.1881961596855
0.000197889625384253,-80.515676597267,37.1883769588
0.000197889625384253,-80.515435563302,37.1888590897722
0.000197889625384253,-80.515435563302,37.1893412207443
0.000197889625384253,-80.5155560802845,37.1898233517165
0.000197889625384253,-80.5157971142496,37.1903054826886
0.000197889625384253,-80.5159176312321,37.1904862818032
0.000197889625384253,-80.5160984067058,37.1907876136608
0.000197889625384253,-80.5163996991621,37.1910889455184
0.000197889625384253,-80.5165804746358,37.1912697446329
0.000197889625384253,-80.5168817670921,37.1915710764905
0.000197889625384253,-80.5171830595483,37.1917518756051
0.000197889625384253,-80.5173638350221,37.1918724083481
0.000197889625384253,-80.5178459029521,37.1921737402057
0.000197889625384253,-80.5179061614433,37.1922340065773
0.000197889625384253,-80.5183279708821,37.1924750720633
0.000197889625384253,-80.5186292633384,37.1927161375494
0.000197889625384253,-80.5188100388121,37.192896936664
0.000197889625384253,-80.5191113312684,37.1931982685216
0.000197889625384253,-80.5192921067421,37.1934996003792
0.000197889625384253,-80.5194126237246,37.1936803994937
0.000197889625384253,-80.5196536576896,37.1941625304659
0.000197889625384253,-80.5197741746722,37.1944638623235
0.000197889625384253,-80.5198344331634,37.194644661438
0.000197889625384253,-80.5200152086372,37.1951267924102
0.000197889625384253,-80.5201959841109,37.1956089233823
0.000197889625384253,-80.5202562426022,37.1957897224969
0.000197889625384253,-80.5204370180759,37.1960910543545
0.000197889625384253,-80.5207383105322,37.1963923862121
0.000197889625384253,-80.5209190860059,37.1965731853266
0.000197889625384253,-80.5212203784622,37.1967539844412
0.000197889625384253,-80.5217024463922,37.1969347835557
0.000197889625384253,-80.521883221866,37.1970553162988
0.000197889625384253,-80.5221845143222,37.1971758490418
0.000197889625384253,-80.5226665822522,37.1974169145279
0.000197889625384253,-80.5229076162172,37.1975374472709
0.000197889625384253,-80.5231486501822,37.197657980014
0.000197889625384253,-80.5236307181123,37.1979593118716
0.000197889625384253,-80.5237512350947,37.1980195782431
0.000197889625384253,-80.5241127860423,37.1982003773577
0.000197889625384253,-80.524534595481,37.1985017092152
0.000197889625384253,-80.5245948539723,37.1985619755868
0.000197889625384253,-80.5250769219023,37.1988633074444
0.000197889625384253,-80.5251974388848,37.1989838401874
0.000197889625384253,-80.5255589898323,37.1992249056735
0.000197889625384253,-80.5258602822886,37.1994659711596
0.000197889625384253,-80.5260410577623,37.1995865039026
0.000197889625384253,-80.5265231256923,37.1999481021317
0.000197889625384253,-80.5265231256923,37.1999481021317
0.000197889625384253,-80.5270051936223,37.2003097003608
0.000197889625384253,-80.5272462275873,37.2004302331039
0.000197889625384253,-80.5274872615524,37.2006110322184
0.000197889625384253,-80.5279693294824,37.2008520977045
0.000197889625384253,-80.5280295879736,37.200912364076
0.000197889625384253,-80.5284513974124,37.2010931631906
0.000197889625384253,-80.5289334653424,37.2013342286767
0.000197889625384253,-80.5291142408161,37.2013944950482
0.000197889625384253,-80.5294155332724,37.2015150277912
0.000197889625384253,-80.5298976012024,37.2016355605342
0.000197889625384253,-80.5303796691324,37.2017560932773
0.000197889625384253,-80.5308617370624,37.2018163596488
0.000197889625384253,-80.5311630295187,37.2018766260203
0.000197889625384253,-80.5313438049924,37.2018766260203
0.000197889625384253,-80.5318258729225,37.2019368923918
0.000197889625384253,-80.5323079408525,37.2019971587634
0.000197889625384253,-80.5327900087825,37.2019971587634
0.000197889625384253,-80.5332720767125,37.2020574251349
0.000197889625384253,-80.5337541446425,37.2020574251349
0.000197889625384253,-80.5342362125725,37.2021176915064
0.000197889625384253,-80.5347182805025,37.2021176915064
0.000197889625384253,-80.5352003484326,37.2021779578779
0.000197889625384253,-80.5356824163626,37.2021176915064
0.000197889625384253,-80.5361644842926,37.2021176915064
0.000197889625384253,-80.5366465522226,37.2019971587634
0.000197889625384253,-80.5370081031701,37.2018766260203
0.000197889625384253,-80.5371286201526,37.2018163596488
0.000197889625384253,-80.5376106880826,37.2015752941627
0.000197889625384253,-80.5378517220476,37.2013944950482
0.000197889625384253,-80.5380927560126,37.2012136959336
0.000197889625384253,-80.5383940484689,37.200912364076
0.000197889625384253,-80.5385748239426,37.2006712985899
0.000197889625384253,-80.5387555994164,37.2004302331039
0.000197889625384253,-80.5390568918726,37.1999481021317
0.000197889625384253,-80.5390568918726,37.1999481021317
0.000197889625384253,-80.5392979258377,37.1994659711596
0.000197889625384253,-80.5395389598027,37.1989838401874
0.000197889625384253,-80.5395389598027,37.1989235738159
0.000197889625384253,-80.5397197352764,37.1985017092152
0.000197889625384253,-80.5399607692414,37.1980195782431
0.000197889625384253,-80.5400210277327,37.1979593118716
0.000197889625384253,-80.5402620616977,37.1975374472709
0.000197889625384253,-80.5405030956627,37.1970553162988
0.000197889625384253,-80.5405030956627,37.1970553162988
0.000197889625384253,-80.5408646466102,37.1965731853266
0.000197889625384253,-80.5409851635927,37.1963923862121
0.000197889625384253,-80.541286456049,37.1960910543545
0.000197889625384253,-80.5414672315227,37.1958499888684
0.000197889625384253,-80.5418287824702,37.1956089233823
0.000197889625384253,-80.5419492994527,37.1954883906393
0.000197889625384253,-80.5424313673827,37.1953075915247
0.000197889625384253,-80.5429134353128,37.1952473251532
0.000197889625384253,-80.5433955032428,37.1952473251532
0.000197889625384253,-80.5438775711728,37.1953075915247
0.000197889625384253,-80.5443596391028,37.1953075915247
0.000197889625384253,-80.5448417070328,37.1952473251532
0.000197889625384253,-80.5453237749628,37.1951267924102
0.000197889625384253,-80.5453840334541,37.1951267924102
0.000197889625384253,-80.5458058428928,37.1948857269241
0.000197889625384253,-80.5461673938403,37.194644661438
0.000197889625384253,-80.5462879108228,37.194524128695
0.000197889625384253,-80.5465289447878,37.1941625304659
0.000197889625384253,-80.5467097202616,37.1936803994937
0.000197889625384253,-80.5465892032791,37.1931982685216
0.000197889625384253,-80.5462879108228,37.1927764039209
0.000197889625384253,-80.5462276523316,37.1927161375494
0.000197889625384253,-80.5458058428928,37.1924750720633
0.000197889625384253,-80.5453237749628,37.1923545393203
0.000197889625384253,-80.5448417070328,37.1922942729488
0.000197889625384253,-80.5443596391028,37.1923545393203
0.000197889625384253,-80.5438775711728,37.1924750720633
0.000197889625384253,-80.5433955032428,37.1926558711779
0.000197889625384253,-80.543214727769,37.1927161375494
0.000197889625384253,-80.5429134353128,37.1928366702924
0.000197889625384253,-80.5424313673827,37.193017469407
0.000197889625384253,-80.5419492994527,37.1930777357785
0.000197889625384253,-80.5414672315227,37.1930777357785
0.000197889625384253,-80.5409851635927,37.193017469407
0.000197889625384253,-80.5405030956627,37.1928366702924
0.000197889625384253,-80.5402018032064,37.1927161375494
0.000197889625384253,-80.5400210277327,37.1926558711779
0.000197889625384253,-80.5395389598027,37.1924750720633
0.000197889625384253,-80.5390568918726,37.1922942729488
0.000197889625384253,-80.5389363748901,37.1922340065773
0.000197889625384253,-80.5385748239426,37.1921134738342
0.000197889625384253,-80.5380927560126,37.1919326747197
0.000197889625384253,-80.5377312050651,37.1917518756051
0.000197889625384253,-80.5376106880826,37.1916916092336
0.000197889625384253,-80.5371286201526,37.191510810119
0.000197889625384253,-80.5366465522226,37.1912697446329
0.000197889625384253,-80.5366465522226,37.1912697446329
0.000197889625384253,-80.5361644842926,37.1910286791469
0.000197889625384253,-80.5357426748538,37.1907876136608
0.000197889625384253,-80.5356824163626,37.1907273472893
0.000197889625384253,-80.5352003484326,37.1904862818032
0.000197889625384253,-80.5349593144675,37.1903054826886
0.000197889625384253,-80.5347182805025,37.1901849499456
0.000197889625384253,-80.5342362125725,37.189883618088
0.000197889625384253,-80.5340554370988,37.1898233517165
0.000197889625384253,-80.5337541446425,37.1896425526019
0.000197889625384253,-80.5332720767125,37.1894014871159
0.000197889625384253,-80.5330913012387,37.1893412207443
0.000197889625384253,-80.5327900087825,37.1892206880013
0.000197889625384253,-80.5323079408525,37.1890398888867
0.000197889625384253,-80.5318258729225,37.1888590897722
0.000197889625384253,-80.5317656144312,37.1888590897722
0.000197889625384253,-80.5313438049924,37.1887385570291
0.000197889625384253,-80.5308617370624,37.1886782906576
0.000197889625384253,-80.5303796691324,37.1885577579146
0.000197889625384253,-80.5298976012024,37.1885577579146
0.000197889625384253,-80.5294155332724,37.1884974915431
0.000197889625384253,-80.5289334653424,37.1884974915431
0.000197889625384253,-80.5284513974124,37.1885577579146
0.000197889625384253,-80.5279693294824,37.1885577579146
0.000197889625384253,-80.5274872615524,37.1886180242861
0.000197889625384253,-80.5270051936223,37.1887385570291
0.000197889625384253,-80.5265231256923,37.1887988234007
0.000197889625384253,-80.5262820917273,37.1888590897722
0.000197889625384253,-80.5260410577623,37.1889193561437
0.000197889625384253,-80.5255589898323,37.1889796225152
0.000197889625384253,-80.5250769219023,37.1891001552583
0.000197889625384253,-80.5245948539723,37.1892206880013
0.000197889625384253,-80.5241730445335,37.1893412207443
0.000197889625384253,-80.5241127860423,37.1893412207443
0.000197889625384253,-80.5236307181123,37.1894617534874
0.000197889625384253,-80.5231486501822,37.1895822862304
0.000197889625384253,-80.5226665822522,37.1897028189735
0.000197889625384253,-80.5221845143222,37.189763085345
0.000197889625384253,-80.5217024463922,37.1898233517165
0.000197889625384253,-80.5212203784622,37.1898233517165
0.000197889625384253,-80.5207383105322,37.1897028189735
0.000197889625384253,-80.5202562426022,37.1895220198589
0.000197889625384253,-80.5198946916547,37.1893412207443
0.000197889625384253,-80.5197741746722,37.1892809543728
0.000197889625384253,-80.5192921067421,37.1889796225152
0.000197889625384253,-80.5191113312684,37.1888590897722
0.000197889625384253,-80.5188100388121,37.1886782906576
0.000197889625384253,-80.5183279708821,37.1883769588
0.000197889625384253,-80.5182677123909,37.1883769588
0.000197889625384253,-80.5536394467555,37.1907876136608
0.000197889625384253,-80.553518929773,37.1907273472893
0.000197889625384253,-80.553036861843,37.1906670809178
0.000197889625384253,-80.5526753108955,37.1907876136608
0.000197889625384253,-80.552554793913,37.1908478800323
0.000197889625384253,-80.5521932429655,37.1912697446329
0.000197889625384253,-80.552072725983,37.1916313428621
0.000197889625384253,-80.552072725983,37.1917518756051
0.000197889625384253,-80.552072725983,37.1918121419766
0.000197889625384253,-80.5522535014567,37.1922340065773
0.000197889625384253,-80.552554793913,37.1924148056918
0.000197889625384253,-80.553036861843,37.1925956048064
0.000197889625384253,-80.553518929773,37.1924750720633
0.000197889625384253,-80.5538804807205,37.1922340065773
0.000197889625384253,-80.554000997703,37.1921134738342
0.000197889625384253,-80.5541215146855,37.1917518756051
0.000197889625384253,-80.5541215146855,37.1912697446329
0.000197889625384253,-80.554000997703,37.1910889455184
0.000197889625384253,-80.5536394467555,37.1907876136608
0.000197889625384253,-80.5194126237246,37.1975374472709
0.000197889625384253,-80.5192921067421,37.1974169145279
0.000197889625384253,-80.5188100388121,37.1972963817849
0.000197889625384253,-80.5183279708821,37.1973566481564
0.000197889625384253,-80.5178459029521,37.1975374472709
0.000197889625384253,-80.5178459029521,37.1975374472709
0.000197889625384253,-80.5173638350221,37.1979593118716
0.000197889625384253,-80.5173035765308,37.1980195782431
0.000197889625384253,-80.5170625425658,37.1985017092152
0.000197889625384253,-80.5170022840746,37.1989838401874
0.000197889625384253,-80.5171228010571,37.1994659711596
0.000197889625384253,-80.5173638350221,37.1997673030171
0.000197889625384253,-80.5176651274784,37.1999481021317
0.000197889625384253,-80.5178459029521,37.2000083685032
0.000197889625384253,-80.5183279708821,37.2000083685032
0.000197889625384253,-80.5184484878646,37.1999481021317
0.000197889625384253,-80.5188100388121,37.1997673030171
0.000197889625384253,-80.5191113312684,37.1994659711596
0.000197889625384253,-80.5192921067421,37.1992249056735
0.000197889625384253,-80.5194126237246,37.1989838401874
0.000197889625384253,-80.5195331407071,37.1985017092152
0.000197889625384253,-80.5195933991984,37.1980195782431
0.000197889625384253,-80.5194126237246,37.1975374472709
0.000197889625384253,-80.5559895279143,37.2356257940711
0.000197889625384253,-80.5559292694231,37.2356257940711
0.000197889625384253,-80.5554472014931,37.2356257940711
0.000197889625384253,-80.5553869430018,37.2356257940711
0.000197889625384253,-80.5549651335631,37.2361079250432
0.000197889625384253,-80.5550253920543,37.2365900560154
0.000197889625384253,-80.5554472014931,37.2369516542445
0.000197889625384253,-80.5559292694231,37.2369516542445
0.000197889625384253,-80.5563510788619,37.2365900560154
0.000197889625384253,-80.5564113373531,37.2361079250432
0.000197889625384253,-80.5559895279143,37.2356257940711
0.00029683443807638,-80.5300181181849,37.1893412207443
0.00029683443807638,-80.5298976012024,37.1893412207443
0.00029683443807638,-80.5294155332724,37.1892809543728
0.00029683443807638,-80.5289334653424,37.1893412207443
0.00029683443807638,-80.5285116559036,37.1893412207443
0.00029683443807638,-80.5284513974124,37.1893412207443
0.00029683443807638,-80.5279693294824,37.1894014871159
0.00029683443807638,-80.5274872615524,37.1894617534874
0.00029683443807638,-80.5270051936223,37.1895822862304
0.00029683443807638,-80.5265231256923,37.1896425526019
0.00029683443807638,-80.5260410577623,37.1898233517165
0.00029683443807638,-80.5259807992711,37.1898233517165
0.00029683443807638,-80.5255589898323,37.1899438844595
0.00029683443807638,-80.5250769219023,37.1901246835741
0.00029683443807638,-80.5245948539723,37.1903054826886
0.00029683443807638,-80.5245948539723,37.1903054826886
0.00029683443807638,-80.5241127860423,37.1904862818032
0.00029683443807638,-80.5236307181123,37.1907273472893
0.00029683443807638,-80.523570459621,37.1907876136608
0.00029683443807638,-80.5231486501822,37.1910286791469
0.00029683443807638,-80.5227870992347,37.1912697446329
0.00029683443807638,-80.5226665822522,37.191390277376
0.00029683443807638,-80.5223050313047,37.1917518756051
0.00029683443807638,-80.5221845143222,37.1919326747197
0.00029683443807638,-80.5220037388485,37.1922340065773
0.00029683443807638,-80.5218229633747,37.1927161375494
0.00029683443807638,-80.5218229633747,37.1931982685216
0.00029683443807638,-80.521883221866,37.1936803994937
0.00029683443807638,-80.5220037388485,37.1941625304659
0.00029683443807638,-80.5221845143222,37.1945843950665
0.00029683443807638,-80.5221845143222,37.194644661438
0.00029683443807638,-80.5224858067785,37.1951267924102
0.00029683443807638,-80.5226665822522,37.1954281242678
0.00029683443807638,-80.5227870992347,37.1956089233823
0.00029683443807638,-80.5231486501822,37.1959705216114
0.00029683443807638,-80.5232089086735,37.1960910543545
0.00029683443807638,-80.5236307181123,37.1964526525836
0.00029683443807638,-80.5237512350947,37.1965731853266
0.00029683443807638,-80.5241127860423,37.1969347835557
0.00029683443807638,-80.5242333030248,37.1970553162988
0.00029683443807638,-80.5245948539723,37.1973566481564
0.00029683443807638,-80.5248358879373,37.1975374472709
0.00029683443807638,-80.5250769219023,37.1977182463855
0.00029683443807638,-80.5253782143585,37.1980195782431
0.00029683443807638,-80.5255589898323,37.1981401109861
0.00029683443807638,-80.5259807992711,37.1985017092152
0.00029683443807638,-80.5260410577623,37.1985619755868
0.00029683443807638,-80.5265231256923,37.1989235738159
0.00029683443807638,-80.5265833841836,37.1989838401874
0.00029683443807638,-80.5270051936223,37.199285172045
0.00029683443807638,-80.5272462275873,37.1994659711596
0.00029683443807638,-80.5274872615524,37.1996467702741
0.00029683443807638,-80.5279693294824,37.1998878357602
0.00029683443807638,-80.5280295879736,37.1999481021317
0.00029683443807638,-80.5284513974124,37.2001891676178
0.00029683443807638,-80.5289334653424,37.2004302331039
0.00029683443807638,-80.5289937238336,37.2004302331039
0.00029683443807638,-80.5294155332724,37.2006110322184
0.00029683443807638,-80.5298976012024,37.2007315649615
0.00029683443807638,-80.5303796691324,37.2008520977045
0.00029683443807638,-80.5308617370624,37.200912364076
0.00029683443807638,-80.5308617370624,37.200912364076
0.00029683443807638,-80.5313438049924,37.2009726304475
0.00029683443807638,-80.5318258729225,37.2009726304475
0.00029683443807638,-80.5323079408525,37.2009726304475
0.00029683443807638,-80.5327900087825,37.2009726304475
0.00029683443807638,-80.5332720767125,37.200912364076
0.00029683443807638,-80.5334528521863,37.200912364076
0.00029683443807638,-80.5337541446425,37.200912364076
0.00029683443807638,-80.5342362125725,37.2008520977045
0.00029683443807638,-80.5347182805025,37.200791831333
0.00029683443807638,-80.5352003484326,37.2006712985899
0.00029683443807638,-80.5356824163626,37.2005507658469
0.00029683443807638,-80.5359837088188,37.2004302331039
0.00029683443807638,-80.5361644842926,37.2003699667323
0.00029683443807638,-80.5366465522226,37.2000686348747
0.00029683443807638,-80.5368273276963,37.1999481021317
0.00029683443807638,-80.5371286201526,37.1996467702741
0.00029683443807638,-80.5372491371351,37.1994659711596
0.00029683443807638,-80.5376106880826,37.1989838401874
0.00029683443807638,-80.5376106880826,37.1989838401874
0.00029683443807638,-80.5378517220476,37.1985017092152
0.00029683443807638,-80.5380927560126,37.1980195782431
0.00029683443807638,-80.5380927560126,37.1979593118716
0.00029683443807638,-80.5382735314864,37.1975374472709
0.00029683443807638,-80.5384543069601,37.1970553162988
0.00029683443807638,-80.5385748239426,37.1965731853266
0.00029683443807638,-80.5385748239426,37.1965731853266
0.00029683443807638,-80.5386953409251,37.1960910543545
0.00029683443807638,-80.5387555994164,37.1956089233823
0.00029683443807638,-80.5387555994164,37.1951267924102
0.00029683443807638,-80.5385748239426,37.194644661438
0.00029683443807638,-80.5385748239426,37.1945843950665
0.00029683443807638,-80.5383337899776,37.1941625304659
0.00029683443807638,-80.5380927560126,37.1939214649798
0.00029683443807638,-80.5379119805389,37.1936803994937
0.00029683443807638,-80.5376106880826,37.1934393340076
0.00029683443807638,-80.5373696541176,37.1931982685216
0.00029683443807638,-80.5371286201526,37.193017469407
0.00029683443807638,-80.5367670692051,37.1927161375494
0.00029683443807638,-80.5366465522226,37.1926558711779
0.00029683443807638,-80.5361644842926,37.1922942729488
0.00029683443807638,-80.5361042258013,37.1922340065773
0.00029683443807638,-80.5356824163626,37.1919326747197
0.00029683443807638,-80.5355016408888,37.1917518756051
0.00029683443807638,-80.5352003484326,37.1915710764905
0.00029683443807638,-80.534838797485,37.1912697446329
0.00029683443807638,-80.5347182805025,37.1912094782614
0.00029683443807638,-80.5342362125725,37.1909081464038
0.00029683443807638,-80.53411569559,37.1907876136608
0.00029683443807638,-80.5337541446425,37.1905465481747
0.00029683443807638,-80.5332720767125,37.1903054826886
0.00029683443807638,-80.5332720767125,37.1903054826886
0.00029683443807638,-80.5327900087825,37.1900644172026
0.00029683443807638,-80.5323079408525,37.189883618088
0.00029683443807638,-80.53218742387,37.1898233517165
0.00029683443807638,-80.5318258729225,37.1897028189735
0.00029683443807638,-80.5313438049924,37.1895220198589
0.00029683443807638,-80.5308617370624,37.1894617534874
0.00029683443807638,-80.5303796691324,37.1894014871159
0.00029683443807638,-80.5300181181849,37.1893412207443
0.000395779250768506,-80.53170535594,37.1903054826886
0.000395779250768506,-80.5313438049924,37.1901849499456
0.000395779250768506,-80.5308617370624,37.1900644172026
0.000395779250768506,-80.5303796691324,37.190004150831
0.000395779250768506,-80.5298976012024,37.1899438844595
0.000395779250768506,-80.5294155332724,37.1899438844595
0.000395779250768506,-80.5289334653424,37.1899438844595
0.000395779250768506,-80.5284513974124,37.190004150831
0.000395779250768506,-80.5279693294824,37.1900644172026
0.000395779250768506,-80.5274872615524,37.1901246835741
0.000395779250768506,-80.5270051936223,37.1902452163171
0.000395779250768506,-80.5268846766398,37.1903054826886
0.000395779250768506,-80.5265231256923,37.1904260154317
0.000395779250768506,-80.5260410577623,37.1906068145462
0.000395779250768506,-80.5255589898323,37.1907876136608
0.000395779250768506,-80.5255589898323,37.1907876136608
0.000395779250768506,-80.5250769219023,37.1910286791469
0.000395779250768506,-80.5246551124635,37.1912697446329
0.000395779250768506,-80.5245948539723,37.1913300110045
0.000395779250768506,-80.5241127860423,37.1916916092336
0.000395779250768506,-80.524052527551,37.1917518756051
0.000395779250768506,-80.5236307181123,37.1922340065773
0.000395779250768506,-80.5236307181123,37.1922340065773
0.000395779250768506,-80.5233896841472,37.1927161375494
0.000395779250768506,-80.5232691671647,37.1931982685216
0.000395779250768506,-80.5232691671647,37.1936803994937
0.000395779250768506,-80.523329425656,37.1941625304659
0.000395779250768506,-80.5235102011298,37.194644661438
0.000395779250768506,-80.5236307181123,37.1948254605526
0.000395779250768506,-80.5237512350947,37.1951267924102
0.000395779250768506,-80.5241127860423,37.1956089233823
0.000395779250768506,-80.5241127860423,37.1956089233823
0.000395779250768506,-80.5244743369898,37.1960910543545
0.000395779250768506,-80.5245948539723,37.1962115870975
0.000395779250768506,-80.5248961464285,37.1965731853266
0.000395779250768506,-80.5250769219023,37.1967539844412
0.000395779250768506,-80.5253782143585,37.1970553162988
0.000395779250768506,-80.5255589898323,37.1971758490418
0.000395779250768506,-80.5259205407798,37.1975374472709
0.000395779250768506,-80.5260410577623,37.197657980014
0.000395779250768506,-80.5264628672011,37.1980195782431
0.000395779250768506,-80.5265231256923,37.1980798446146
0.000395779250768506,-80.5270051936223,37.1984414428437
0.000395779250768506,-80.5270654521136,37.1985017092152
0.000395779250768506,-80.5274872615524,37.1988030410728
0.000395779250768506,-80.5277282955174,37.1989838401874
0.000395779250768506,-80.5279693294824,37.199164639302
0.000395779250768506,-80.5284513974124,37.199405704788
0.000395779250768506,-80.5285719143949,37.1994659711596
0.000395779250768506,-80.5289334653424,37.1996467702741
0.000395779250768506,-80.5294155332724,37.1998275693887
0.000395779250768506,-80.5297168257287,37.1999481021317
0.000395779250768506,-80.5298976012024,37.2000083685032
0.000395779250768506,-80.5303796691324,37.2001289012463
0.000395779250768506,-80.5308617370624,37.2001891676178
0.000395779250768506,-80.5313438049924,37.2001891676178
0.000395779250768506,-80.5318258729225,37.2001891676178
0.000395779250768506,-80.5323079408525,37.2001289012463
0.000395779250768506,-80.5327900087825,37.2000686348747
0.000395779250768506,-80.5332720767125,37.2000083685032
0.000395779250768506,-80.533392593695,37.1999481021317
0.000395779250768506,-80.5337541446425,37.1998275693887
0.000395779250768506,-80.5342362125725,37.1997070366456
0.000395779250768506,-80.5347182805025,37.1994659711596
0.000395779250768506,-80.5347182805025,37.1994659711596
0.000395779250768506,-80.5352003484326,37.199164639302
0.000395779250768506,-80.5354413823976,37.1989838401874
0.000395779250768506,-80.5356824163626,37.1987427747013
0.000395779250768506,-80.5359234503276,37.1985017092152
0.000395779250768506,-80.5361644842926,37.1981401109861
0.000395779250768506,-80.5362850012751,37.1980195782431
0.000395779250768506,-80.5365260352401,37.1975374472709
0.000395779250768506,-80.5366465522226,37.1971758490418
0.000395779250768506,-80.5367068107138,37.1970553162988
0.000395779250768506,-80.5368273276963,37.1965731853266
0.000395779250768506,-80.5368875861876,37.1960910543545
0.000395779250768506,-80.5368875861876,37.1956089233823
0.000395779250768506,-80.5368273276963,37.1951267924102
0.000395779250768506,-80.5367068107138,37.194644661438
0.000395779250768506,-80.5366465522226,37.1945843950665
0.000395779250768506,-80.5364657767488,37.1941625304659
0.000395779250768506,-80.5361644842926,37.1937406658652
0.000395779250768506,-80.5361644842926,37.1936803994937
0.000395779250768506,-80.5357426748538,37.1931982685216
0.000395779250768506,-80.5356824163626,37.19313800215
0.000395779250768506,-80.5353208654151,37.1927161375494
0.000395779250768506,-80.5352003484326,37.1925956048064
0.000395779250768506,-80.534838797485,37.1922340065773
0.000395779250768506,-80.5347182805025,37.1921134738342
0.000395779250768506,-80.5342964710638,37.1917518756051
0.000395779250768506,-80.5342362125725,37.1917518756051
0.000395779250768506,-80.5337541446425,37.191390277376
0.000395779250768506,-80.53363362766,37.1912697446329
0.000395779250768506,-80.5332720767125,37.1910286791469
0.000395779250768506,-80.5327900087825,37.1907876136608
0.000395779250768506,-80.5327900087825,37.1907876136608
0.000395779250768506,-80.5323079408525,37.1905465481747
0.000395779250768506,-80.5318258729225,37.1903657490602
0.000395779250768506,-80.53170535594,37.1903054826886
0.000494724063460633,-80.5314040634837,37.1907876136608
0.000494724063460633,-80.5313438049924,37.1907876136608
0.000494724063460633,-80.5308617370624,37.1906670809178
0.000494724063460633,-80.5303796691324,37.1905465481747
0.000494724063460633,-80.5298976012024,37.1904862818032
0.000494724063460633,-80.5294155332724,37.1904862818032
0.000494724063460633,-80.5289334653424,37.1904862818032
0.000494724063460633,-80.5284513974124,37.1905465481747
0.000494724063460633,-80.5279693294824,37.1906670809178
0.000494724063460633,-80.5274872615524,37.1907876136608
0.000494724063460633,-80.5274270030611,37.1907876136608
0.000494724063460633,-80.5270051936223,37.1909081464038
0.000494724063460633,-80.5265231256923,37.1910889455184
0.000494724063460633,-80.5262218332361,37.1912697446329
0.000494724063460633,-80.5260410577623,37.1913300110045
0.000494724063460633,-80.5255589898323,37.1916313428621
0.000494724063460633,-80.5254384728498,37.1917518756051
0.000494724063460633,-80.5250769219023,37.1920532074627
0.000494724063460633,-80.5248961464285,37.1922340065773
0.000494724063460633,-80.5245948539723,37.1927161375494
0.000494724063460633,-80.5245948539723,37.1927161375494
0.000494724063460633,-80.5244140784985,37.1931982685216
0.000494724063460633,-80.5243538200073,37.1936803994937
0.000494724063460633,-80.5244140784985,37.1941625304659
0.000494724063460633,-80.524534595481,37.194644661438
0.000494724063460633,-80.5245948539723,37.1947651941811
0.000494724063460633,-80.524775629446,37.1951267924102
0.000494724063460633,-80.5250769219023,37.1956089233823
0.000494724063460633,-80.5250769219023,37.1956691897538
0.000494724063460633,-80.5254384728498,37.1960910543545
0.000494724063460633,-80.5255589898323,37.196271853469
0.000494724063460633,-80.5258000237973,37.1965731853266
0.000494724063460633,-80.5260410577623,37.1968142508127
0.000494724063460633,-80.5262820917273,37.1970553162988
0.000494724063460633,-80.5265231256923,37.1972963817849
0.000494724063460633,-80.5268244181486,37.1975374472709
0.000494724063460633,-80.5270051936223,37.1977182463855
0.000494724063460633,-80.5273667445698,37.1980195782431
0.000494724063460633,-80.5274872615524,37.1980798446146
0.000494724063460633,-80.5279693294824,37.1984414428437
0.000494724063460633,-80.5280295879736,37.1985017092152
0.000494724063460633,-80.5284513974124,37.1987427747013
0.000494724063460633,-80.5288732068511,37.1989838401874
0.000494724063460633,-80.5289334653424,37.1989838401874
0.000494724063460633,-80.5294155332724,37.1992249056735
0.000494724063460633,-80.5298976012024,37.1993454384165
0.000494724063460633,-80.5303796691324,37.1994659711596
0.000494724063460633,-80.5305001861149,37.1994659711596
0.000494724063460633,-80.5308617370624,37.1995262375311
0.000494724063460633,-80.5313438049924,37.1995262375311
0.000494724063460633,-80.5318258729225,37.1994659711596
0.000494724063460633,-80.531946389905,37.1994659711596
0.000494724063460633,-80.5323079408525,37.199405704788
0.000494724063460633,-80.5327900087825,37.199285172045
0.000494724063460633,-80.5332720767125,37.1991043729304
0.000494724063460633,-80.5335733691688,37.1989838401874
0.000494724063460633,-80.5337541446425,37.1988633074444
0.000494724063460633,-80.5342362125725,37.1985619755868
0.000494724063460633,-80.5342964710638,37.1985017092152
0.000494724063460633,-80.5347182805025,37.1980798446146
0.000494724063460633,-80.5347785389938,37.1980195782431
0.000494724063460633,-80.5351400899413,37.1975374472709
0.000494724063460633,-80.5352003484326,37.1974169145279
0.000494724063460633,-80.5353811239063,37.1970553162988
0.000494724063460633,-80.5355618993801,37.1965731853266
0.000494724063460633,-80.5356221578713,37.1960910543545
0.000494724063460633,-80.5356824163626,37.1956089233823
0.000494724063460633,-80.5356221578713,37.1951267924102
0.000494724063460633,-80.5355618993801,37.194644661438
0.000494724063460633,-80.5353811239063,37.1941625304659
0.000494724063460633,-80.5352003484326,37.1938611986083
0.000494724063460633,-80.53507983145,37.1936803994937
0.000494724063460633,-80.5347785389938,37.1931982685216
0.000494724063460633,-80.5347182805025,37.19313800215
0.000494724063460633,-80.534356729555,37.1927161375494
0.000494724063460633,-80.5342362125725,37.1925956048064
0.000494724063460633,-80.533874661625,37.1922340065773
0.000494724063460633,-80.5337541446425,37.1921134738342
0.000494724063460633,-80.5333323352038,37.1917518756051
0.000494724063460633,-80.5332720767125,37.1917518756051
0.000494724063460633,-80.5327900087825,37.191390277376
0.000494724063460633,-80.5325489748175,37.1912697446329
0.000494724063460633,-80.5323079408525,37.1911492118899
0.000494724063460633,-80.5318258729225,37.1909081464038
0.000494724063460633,-80.5314040634837,37.1907876136608
0.00059366887615276,-80.53122328801,37.1912697446329
0.00059366887615276,-80.5308617370624,37.1911492118899
0.00059366887615276,-80.5303796691324,37.1910889455184
0.00059366887615276,-80.5298976012024,37.1910286791469
0.00059366887615276,-80.5294155332724,37.1910286791469
0.00059366887615276,-80.5289334653424,37.1910286791469
0.00059366887615276,-80.5284513974124,37.1910889455184
0.00059366887615276,-80.5279693294824,37.1912094782614
0.00059366887615276,-80.5277885540086,37.1912697446329
0.00059366887615276,-80.5274872615524,37.191390277376
0.00059366887615276,-80.5270051936223,37.1915710764905
0.00059366887615276,-80.5267039011661,37.1917518756051
0.00059366887615276,-80.5265231256923,37.1918724083481
0.00059366887615276,-80.5260410577623,37.1922340065773
0.00059366887615276,-80.5260410577623,37.1922340065773
0.00059366887615276,-80.5256192483236,37.1927161375494
0.00059366887615276,-80.5255589898323,37.1927764039209
0.00059366887615276,-80.5253782143585,37.1931982685216
0.00059366887615276,-80.525257697376,37.1936803994937
0.00059366887615276,-80.525257697376,37.1941625304659
0.00059366887615276,-80.5253782143585,37.194644661438
0.00059366887615276,-80.5255589898323,37.1950665260387
0.00059366887615276,-80.5255589898323,37.1951267924102
0.00059366887615276,-80.5258602822886,37.1956089233823
0.00059366887615276,-80.5260410577623,37.1958499888684
0.00059366887615276,-80.5262218332361,37.1960910543545
0.00059366887615276,-80.5265231256923,37.1964526525836
0.00059366887615276,-80.5265833841836,37.1965731853266
0.00059366887615276,-80.5270051936223,37.1969950499273
0.00059366887615276,-80.5270654521136,37.1970553162988
0.00059366887615276,-80.5274872615524,37.1974169145279
0.00059366887615276,-80.5276077785349,37.1975374472709
0.00059366887615276,-80.5279693294824,37.197778512757
0.00059366887615276,-80.5282706219386,37.1980195782431
0.00059366887615276,-80.5284513974124,37.1981401109861
0.00059366887615276,-80.5289334653424,37.1983811764722
0.00059366887615276,-80.5291744993074,37.1985017092152
0.00059366887615276,-80.5294155332724,37.1986222419583
0.00059366887615276,-80.5298976012024,37.1987427747013
0.00059366887615276,-80.5303796691324,37.1988633074444
0.00059366887615276,-80.5308617370624,37.1989235738159
0.00059366887615276,-80.5313438049924,37.1989235738159
0.00059366887615276,-80.5318258729225,37.1988633074444
0.00059366887615276,-80.5323079408525,37.1987427747013
0.00059366887615276,-80.5327900087825,37.1985017092152
0.00059366887615276,-80.5328502672737,37.1985017092152
0.00059366887615276,-80.5332720767125,37.1982606437292
0.00059366887615276,-80.5335733691688,37.1980195782431
0.00059366887615276,-80.5337541446425,37.1978990455001
0.00059366887615276,-80.5340554370988,37.1975374472709
0.00059366887615276,-80.5342362125725,37.1972963817849
0.00059366887615276,-80.5344169880463,37.1970553162988
0.00059366887615276,-80.53459776352,37.1965731853266
0.00059366887615276,-80.5347182805025,37.1962115870975
0.00059366887615276,-80.5347182805025,37.1960910543545
0.00059366887615276,-80.5347785389938,37.1956089233823
0.00059366887615276,-80.5347785389938,37.1951267924102
0.00059366887615276,-80.5347182805025,37.1947049278095
0.00059366887615276,-80.5347182805025,37.194644661438
0.00059366887615276,-80.5345375050288,37.1941625304659
0.00059366887615276,-80.5342964710638,37.1936803994937
0.00059366887615276,-80.5342362125725,37.1935598667507
0.00059366887615276,-80.5339951786075,37.1931982685216
0.00059366887615276,-80.5337541446425,37.192896936664
0.00059366887615276,-80.5335733691688,37.1927161375494
0.00059366887615276,-80.5332720767125,37.1924148056918
0.00059366887615276,-80.5330310427475,37.1922340065773
0.00059366887615276,-80.5327900087825,37.1920532074627
0.00059366887615276,-80.5323681993437,37.1917518756051
0.00059366887615276,-80.5323079408525,37.1917518756051
0.00059366887615276,-80.5318258729225,37.191510810119
0.00059366887615276,-80.5313438049924,37.1912697446329
0.00059366887615276,-80.53122328801,37.1912697446329
0.000692613688844886,-80.5311027710274,37.1917518756051
0.000692613688844886,-80.5308617370624,37.1916916092336
0.000692613688844886,-80.5303796691324,37.1915710764905
0.000692613688844886,-80.5298976012024,37.191510810119
0.000692613688844886,-80.5294155332724,37.191510810119
0.000692613688844886,-80.5289334653424,37.1915710764905
0.000692613688844886,-80.5284513974124,37.1916313428621
0.000692613688844886,-80.5281501049561,37.1917518756051
0.000692613688844886,-80.5279693294824,37.1918121419766
0.000692613688844886,-80.5274872615524,37.1920532074627
0.000692613688844886,-80.5271257106048,37.1922340065773
0.000692613688844886,-80.5270051936223,37.1923545393203
0.000692613688844886,-80.5265833841836,37.1927161375494
0.000692613688844886,-80.5265231256923,37.1927764039209
0.000692613688844886,-80.5262218332361,37.1931982685216
0.000692613688844886,-80.5261013162536,37.1936803994937
0.000692613688844886,-80.5260410577623,37.1941625304659
0.000692613688844886,-80.5261615747448,37.194644661438
0.000692613688844886,-80.5263423502186,37.1951267924102
0.000692613688844886,-80.5265231256923,37.1954883906393
0.000692613688844886,-80.5265833841836,37.1956089233823
0.000692613688844886,-80.5269449351311,37.1960910543545
0.000692613688844886,-80.5270051936223,37.196151320726
0.000692613688844886,-80.5273667445698,37.1965731853266
0.000692613688844886,-80.5274872615524,37.1966937180697
0.000692613688844886,-80.5278488124999,37.1970553162988
0.000692613688844886,-80.5279693294824,37.1971155826703
0.000692613688844886,-80.5284513974124,37.1974771808994
0.000692613688844886,-80.5285116559036,37.1975374472709
0.000692613688844886,-80.5289334653424,37.197778512757
0.000692613688844886,-80.5294155332724,37.1980195782431
0.000692613688844886,-80.5294155332724,37.1980195782431
0.000692613688844886,-80.5298976012024,37.1982003773577
0.000692613688844886,-80.5303796691324,37.1982606437292
0.000692613688844886,-80.5308617370624,37.1983209101007
0.000692613688844886,-80.5313438049924,37.1983209101007
0.000692613688844886,-80.5318258729225,37.1982003773577
0.000692613688844886,-80.5323079408525,37.1980195782431
0.000692613688844886,-80.5323079408525,37.1980195782431
0.000692613688844886,-80.5327900087825,37.197778512757
0.000692613688844886,-80.5330913012387,37.1975374472709
0.000692613688844886,-80.5332720767125,37.1973566481564
0.000692613688844886,-80.5335131106775,37.1970553162988
0.000692613688844886,-80.5337541446425,37.1966334516982
0.000692613688844886,-80.5338144031338,37.1965731853266
0.000692613688844886,-80.5339951786075,37.1960910543545
0.000692613688844886,-80.5340554370988,37.1956089233823
0.000692613688844886,-80.5340554370988,37.1951267924102
0.000692613688844886,-80.5339951786075,37.194644661438
0.000692613688844886,-80.533874661625,37.1941625304659
0.000692613688844886,-80.5337541446425,37.1939817313513
0.000692613688844886,-80.53363362766,37.1936803994937
0.000692613688844886,-80.5332720767125,37.1931982685216
0.000692613688844886,-80.5332720767125,37.1931982685216
0.000692613688844886,-80.5327900087825,37.1927161375494
0.000692613688844886,-80.5327900087825,37.1927161375494
0.000692613688844886,-80.5323079408525,37.1922942729488
0.000692613688844886,-80.53218742387,37.1922340065773
0.000692613688844886,-80.5318258729225,37.1920532074627
0.000692613688844886,-80.5313438049924,37.1918121419766
0.000692613688844886,-80.5311027710274,37.1917518756051
0.000791558501537013,-80.5309822540449,37.1922340065773
0.000791558501537013,-80.5308617370624,37.1921737402057
0.000791558501537013,-80.5303796691324,37.1920532074627
0.000791558501537013,-80.5298976012024,37.1920532074627
0.000791558501537013,-80.5294155332724,37.1920532074627
0.000791558501537013,-80.5289334653424,37.1921134738342
0.000791558501537013,-80.5285116559036,37.1922340065773
0.000791558501537013,-80.5284513974124,37.1922340065773
0.000791558501537013,-80.5279693294824,37.1924750720633
0.000791558501537013,-80.5276077785349,37.1927161375494
0.000791558501537013,-80.5274872615524,37.1927764039209
0.000791558501537013,-80.5271257106048,37.1931982685216
0.000791558501537013,-80.5270051936223,37.1934393340076
0.000791558501537013,-80.5268846766398,37.1936803994937
0.000791558501537013,-80.5268244181486,37.1941625304659
0.000791558501537013,-80.5268846766398,37.194644661438
0.000791558501537013,-80.5270051936223,37.1950062596671
0.000791558501537013,-80.5270654521136,37.1951267924102
0.000791558501537013,-80.5273064860786,37.1956089233823
0.000791558501537013,-80.5274872615524,37.1958499888684
0.000791558501537013,-80.5276680370261,37.1960910543545
0.000791558501537013,-80.5279693294824,37.1964526525836
0.000791558501537013,-80.5280898464649,37.1965731853266
0.000791558501537013,-80.5284513974124,37.1968745171842
0.000791558501537013,-80.5287526898686,37.1970553162988
0.000791558501537013,-80.5289334653424,37.1971758490418
0.000791558501537013,-80.5294155332724,37.1974169145279
0.000791558501537013,-80.5296565672374,37.1975374472709
0.000791558501537013,-80.5298976012024,37.1975977136425
0.000791558501537013,-80.5303796691324,37.1977182463855
0.000791558501537013,-80.5308617370624,37.1977182463855
0.000791558501537013,-80.5313438049924,37.197657980014
0.000791558501537013,-80.5318258729225,37.1975374472709
0.000791558501537013,-80.5318258729225,37.1975374472709
0.000791558501537013,-80.5323079408525,37.1972963817849
0.000791558501537013,-80.5326092333087,37.1970553162988
0.000791558501537013,-80.5327900087825,37.1968745171842
0.000791558501537013,-80.5330310427475,37.1965731853266
0.000791558501537013,-80.5332720767125,37.1960910543545
0.000791558501537013,-80.5332720767125,37.196030787983
0.000791558501537013,-80.533392593695,37.1956089233823
0.000791558501537013,-80.533392593695,37.1951267924102
0.000791558501537013,-80.5333323352038,37.194644661438
0.000791558501537013,-80.5332720767125,37.1944035959519
0.000791558501537013,-80.5332118182212,37.1941625304659
0.000791558501537013,-80.532910525765,37.1936803994937
0.000791558501537013,-80.5327900087825,37.1934996003792
0.000791558501537013,-80.5325489748175,37.1931982685216
0.000791558501537013,-80.5323079408525,37.1929572030355
0.000791558501537013,-80.531946389905,37.1927161375494
0.000791558501537013,-80.5318258729225,37.1925956048064
0.000791558501537013,-80.5313438049924,37.1923545393203
0.000791558501537013,-80.5309822540449,37.1922340065773
0.000890503314229139,-80.5306809615887,37.1927161375494
0.000890503314229139,-80.5303796691324,37.1926558711779
0.000890503314229139,-80.5298976012024,37.1925956048064
0.000890503314229139,-80.5294155332724,37.1925956048064
0.000890503314229139,-80.5289937238336,37.1927161375494
0.000890503314229139,-80.5289334653424,37.1927161375494
0.000890503314229139,-80.5284513974124,37.1929572030355
0.000890503314229139,-80.5280898464649,37.1931982685216
0.000890503314229139,-80.5279693294824,37.1933790676361
0.000890503314229139,-80.5277282955174,37.1936803994937
0.000890503314229139,-80.5276077785349,37.1941625304659
0.000890503314229139,-80.5276077785349,37.194644661438
0.000890503314229139,-80.5277885540086,37.1951267924102
0.000890503314229139,-80.5279693294824,37.1954883906393
0.000890503314229139,-80.5280295879736,37.1956089233823
0.000890503314229139,-80.5284513974124,37.1960910543545
0.000890503314229139,-80.5284513974124,37.1960910543545
0.000890503314229139,-80.5289334653424,37.1965129189551
0.000890503314229139,-80.5289937238336,37.1965731853266
0.000890503314229139,-80.5294155332724,37.1968142508127
0.000890503314229139,-80.5298976012024,37.1969950499273
0.000890503314229139,-80.5301386351674,37.1970553162988
0.000890503314229139,-80.5303796691324,37.1971155826703
0.000890503314229139,-80.5308617370624,37.1971155826703
0.000890503314229139,-80.5311630295187,37.1970553162988
0.000890503314229139,-80.5313438049924,37.1969950499273
0.000890503314229139,-80.5318258729225,37.1968142508127
0.000890503314229139,-80.5321271653787,37.1965731853266
0.000890503314229139,-80.5323079408525,37.1963321198406
0.000890503314229139,-80.5324887163262,37.1960910543545
0.000890503314229139,-80.5326694918,37.1956089233823
0.000890503314229139,-80.5327297502912,37.1951267924102
0.000890503314229139,-80.5326694918,37.194644661438
0.000890503314229139,-80.5324887163262,37.1941625304659
0.000890503314229139,-80.5323079408525,37.1938009322368
0.000890503314229139,-80.53218742387,37.1936803994937
0.000890503314229139,-80.5318258729225,37.1933188012646
0.000890503314229139,-80.53170535594,37.1931982685216
0.000890503314229139,-80.5313438049924,37.1929572030355
0.000890503314229139,-80.5308617370624,37.1927764039209
0.000890503314229139,-80.5306809615887,37.1927161375494
0.000989448126921266,-80.53122328801,37.1936803994937
0.000989448126921266,-80.5308617370624,37.1934996003792
0.000989448126921266,-80.5303796691324,37.1933188012646
0.000989448126921266,-80.5298976012024,37.1932585348931
0.000989448126921266,-80.5294155332724,37.1933790676361
0.000989448126921266,-80.5289334653424,37.1936201331222
0.000989448126921266,-80.5288129483599,37.1936803994937
0.000989448126921266,-80.5285116559036,37.1941625304659
0.000989448126921266,-80.5284513974124,37.194644661438
0.000989448126921266,-80.5286321728861,37.1951267924102
0.000989448126921266,-80.5289334653424,37.1956089233823
0.000989448126921266,-80.5289334653424,37.1956089233823
0.000989448126921266,-80.5294155332724,37.196030787983
0.000989448126921266,-80.5295360502549,37.1960910543545
0.000989448126921266,-80.5298976012024,37.196271853469
0.000989448126921266,-80.5303796691324,37.1963923862121
0.000989448126921266,-80.5308617370624,37.1963321198406
0.000989448126921266,-80.5313438049924,37.196151320726
0.000989448126921266,-80.531464321975,37.1960910543545
0.000989448126921266,-80.5318258729225,37.1956691897538
0.000989448126921266,-80.5318258729225,37.1956089233823
0.000989448126921266,-80.531946389905,37.1951267924102
0.000989448126921266,-80.5318861314137,37.194644661438
0.000989448126921266,-80.5318258729225,37.1944035959519
0.000989448126921266,-80.53170535594,37.1941625304659
0.000989448126921266,-80.5313438049924,37.1938009322368
0.000989448126921266,-80.53122328801,37.1936803994937
