0,-78.6585100133693,38.2928499866307,1
1,-78.6560489170887,38.284926457142,1
2,-78.6518470453902,38.2818050667374,1
3,-78.6430231148232,38.2747219115885,1
4,-78.6424228474377,38.2772430346076,1
5,-78.6430831415618,38.2672785960082,1
6,-78.6444637565484,38.2758624196209,1
7,-78.6441636228557,38.2791638902412,1
8,-78.6435633554702,38.2800642913195,1
9,-78.6583899598922,38.2772430346076,1
10,-78.659350387709,38.2776632217774,1
11,-78.6594104144475,38.2774831415618,1
12,-78.6507665640963,38.2834858154168,1
0,-78.6585100133693,38.2928499866307,2
1,-78.6458443715351,38.2926098796765,2
2,-78.6458443715351,38.2926098796765,2
3,-78.6458443715351,38.2926098796765,2
4,-78.6458443715351,38.2926098796765,2
5,-78.6458443715351,38.2926098796765,2
6,-78.6458443715351,38.2926098796765,2
7,-78.6458443715351,38.2926098796765,2
8,-78.6458443715351,38.2926098796765,2
9,-78.6458443715351,38.2926098796765,2
10,-78.6458443715351,38.2926098796765,2
11,-78.6458443715351,38.2926098796765,2
12,-78.6458443715351,38.2926098796765,2
0,-78.6585100133693,38.2928499866307,3
1,-78.6621116176823,38.2945907620487,3
2,-78.6619315374667,38.2870874197299,3
3,-78.6622316711594,38.2854066710505,3
4,-78.6622316711594,38.2854066710505,3
5,-78.6622316711594,38.2854066710505,3
6,-78.6622316711594,38.2854066710505,3
7,-78.6622316711594,38.2854066710505,3
8,-78.6622316711594,38.2854066710505,3
9,-78.6622316711594,38.2854066710505,3
10,-78.6622316711594,38.2854066710505,3
11,-78.6622316711594,38.2854066710505,3
12,-78.6622316711594,38.2854066710505,3
0,-78.6585100133693,38.2928499866307,4
1,-78.6568892914284,38.2962715107281,4
2,-78.6568892914284,38.2962715107281,4
3,-78.6568892914284,38.2962715107281,4
4,-78.6568892914284,38.2962715107281,4
5,-78.6568892914284,38.2962715107281,4
6,-78.6568892914284,38.2962715107281,4
7,-78.6568892914284,38.2962715107281,4
8,-78.6568892914284,38.2962715107281,4
9,-78.6568892914284,38.2962715107281,4
10,-78.6568892914284,38.2962715107281,4
11,-78.6568892914284,38.2962715107281,4
12,-78.6568892914284,38.2962715107281,4
0,-78.6585100133693,38.2928499866307,5
1,-78.6619915642052,38.2941705748788,5
2,-78.6566491844742,38.2993328743942,5
3,-78.6546082753635,38.3000531952568,5
4,-78.6561689705658,38.298552526793,5
5,-78.6561689705658,38.298552526793,5
6,-78.6561689705658,38.298552526793,5
7,-78.6561689705658,38.298552526793,5
8,-78.6561689705658,38.298552526793,5
9,-78.6561689705658,38.298552526793,5
10,-78.6561689705658,38.298552526793,5
11,-78.6561689705658,38.298552526793,5
12,-78.6561689705658,38.298552526793,5
0,-78.6585100133693,38.2928499866307,6
1,-78.6595904946632,38.2939904946632,6
2,-78.6595904946632,38.2939904946632,6
3,-78.6595904946632,38.2939904946632,6
4,-78.6595904946632,38.2939904946632,6
5,-78.6595904946632,38.2939904946632,6
6,-78.6595904946632,38.2939904946632,6
7,-78.6595904946632,38.2939904946632,6
8,-78.6595904946632,38.2939904946632,6
9,-78.6595904946632,38.2939904946632,6
10,-78.6595904946632,38.2939904946632,6
11,-78.6595904946632,38.2939904946632,6
12,-78.6595904946632,38.2939904946632,6
0,-78.6585100133693,38.2928499866307,7
1,-78.6594704411861,38.292009612291,7
2,-78.6564691042585,38.2941705748788,7
3,-78.6564691042585,38.2941705748788,7
4,-78.6564691042585,38.2941705748788,7
5,-78.6564691042585,38.2941705748788,7
6,-78.6564691042585,38.2941705748788,7
7,-78.6564691042585,38.2941705748788,7
8,-78.6564691042585,38.2941705748788,7
9,-78.6564691042585,38.2941705748788,7
10,-78.6564691042585,38.2941705748788,7
11,-78.6564691042585,38.2941705748788,7
12,-78.6564691042585,38.2941705748788,7
0,-78.6585100133693,38.2928499866307,8
1,-78.6552685694875,38.2923697727223,8
2,-78.6549084090562,38.2922497192452,8
3,-78.6504064036649,38.2967517246365,8
4,-78.6530475801612,38.2971118850678,8
5,-78.6532276603768,38.3036547995698,8
6,-78.6514268582203,38.3036547995698,8
7,-78.6514268582203,38.3036547995698,8
8,-78.6514268582203,38.3036547995698,8
9,-78.6514268582203,38.3036547995698,8
10,-78.6514268582203,38.3036547995698,8
11,-78.6514268582203,38.3036547995698,8
12,-78.6514268582203,38.3036547995698,8
0,-78.6585100133693,38.2928499866307,9
1,-78.6577896925067,38.2905089438272,9
2,-78.6577896925067,38.2905089438272,9
3,-78.6577896925067,38.2905089438272,9
4,-78.6577896925067,38.2905089438272,9
5,-78.6577896925067,38.2905089438272,9
6,-78.6577896925067,38.2905089438272,9
7,-78.6577896925067,38.2905089438272,9
8,-78.6577896925067,38.2905089438272,9
9,-78.6577896925067,38.2905089438272,9
10,-78.6577896925067,38.2905089438272,9
11,-78.6577896925067,38.2905089438272,9
12,-78.6577896925067,38.2905089438272,9
0,-78.6585100133693,38.2928499866307,10
1,-78.6558688368731,38.2936303342319,10
2,-78.6594704411861,38.2875076068997,10
3,-78.6531076068997,38.2755622859282,10
4,-78.6549684357948,38.272380868785,10
5,-78.6532876871154,38.277723248516,10
6,-78.6445838100256,38.2728610826934,10
7,-78.6446438367641,38.2755622859282,10
8,-78.6479453073844,38.2699197725044,10
9,-78.6507665640963,38.2676387564395,10
10,-78.6507665640963,38.2676387564395,10
11,-78.6507665640963,38.2676387564395,10
12,-78.6507665640963,38.2676387564395,10
0,-78.6585100133693,38.2928499866307,11
1,-78.6557487833959,38.2965116176823,11
2,-78.6557487833959,38.2965116176823,11
3,-78.6557487833959,38.2965116176823,11
4,-78.6557487833959,38.2965116176823,11
5,-78.6557487833959,38.2965116176823,11
6,-78.6557487833959,38.2965116176823,11
7,-78.6557487833959,38.2965116176823,11
8,-78.6557487833959,38.2965116176823,11
9,-78.6557487833959,38.2965116176823,11
10,-78.6557487833959,38.2965116176823,11
11,-78.6557487833959,38.2965116176823,11
12,-78.6557487833959,38.2965116176823,11
0,-78.6585100133693,38.2928499866307,12
1,-78.6523872860371,38.2857668314818,12
2,-78.6523872860371,38.2857668314818,12
3,-78.6523872860371,38.2857668314818,12
4,-78.6523872860371,38.2857668314818,12
5,-78.6523872860371,38.2857668314818,12
6,-78.6523872860371,38.2857668314818,12
7,-78.6523872860371,38.2857668314818,12
8,-78.6523872860371,38.2857668314818,12
9,-78.6523872860371,38.2857668314818,12
10,-78.6523872860371,38.2857668314818,12
11,-78.6523872860371,38.2857668314818,12
12,-78.6523872860371,38.2857668314818,12
0,-78.6585100133693,38.2928499866307,13
1,-78.6585100133693,38.2926699064151,13
2,-78.6585100133693,38.2926699064151,13
3,-78.6585100133693,38.2926699064151,13
4,-78.6585100133693,38.2926699064151,13
5,-78.6585100133693,38.2926699064151,13
6,-78.6585100133693,38.2926699064151,13
7,-78.6585100133693,38.2926699064151,13
8,-78.6585100133693,38.2926699064151,13
9,-78.6585100133693,38.2926699064151,13
10,-78.6585100133693,38.2926699064151,13
11,-78.6585100133693,38.2926699064151,13
12,-78.6585100133693,38.2926699064151,13
0,-78.6585100133693,38.2928499866307,14
1,-78.661211216604,38.2957912968197,14
2,-78.6642125535316,38.2929100133693,14
3,-78.665353061564,38.2942306016174,14
4,-78.6654731150411,38.2990327407014,14
5,-78.671235681942,38.2951910294342,14
6,-78.6699751204324,38.2927299331536,14
7,-78.6699751204324,38.2927299331536,14
8,-78.6699751204324,38.2927299331536,14
9,-78.6699751204324,38.2927299331536,14
10,-78.6699751204324,38.2927299331536,14
11,-78.6699751204324,38.2927299331536,14
12,-78.6699751204324,38.2927299331536,14
0,-78.6585100133693,38.2928499866307,15
1,-78.6584499866307,38.2882879545009,15
2,-78.6584499866307,38.2882879545009,15
3,-78.6584499866307,38.2882879545009,15
4,-78.6584499866307,38.2882879545009,15
5,-78.6584499866307,38.2882879545009,15
6,-78.6584499866307,38.2882879545009,15
7,-78.6584499866307,38.2882879545009,15
8,-78.6584499866307,38.2882879545009,15
9,-78.6584499866307,38.2882879545009,15
10,-78.6584499866307,38.2882879545009,15
11,-78.6584499866307,38.2882879545009,15
12,-78.6584499866307,38.2882879545009,15
0,-78.6585100133693,38.2928499866307,16
1,-78.652807473207,38.293210147062,16
2,-78.6606109492185,38.2981323396232,16
3,-78.6597105481403,38.2914093449055,16
4,-78.6551485160104,38.2915293983826,16
5,-78.6587501203235,38.291349318167,16
6,-78.6616914305124,38.3039549332626,16
7,-78.6616314037739,38.2999331417797,16
8,-78.6613312700811,38.2991527941785,16
9,-78.6573094785983,38.2968117513751,16
10,-78.6579697727223,38.2920696390296,16
11,-78.6571293983826,38.2926699064151,16
12,-78.6571293983826,38.2926699064151,16
0,-78.6585100133693,38.2928499866307,17
1,-78.655208542749,38.2930900935849,17
2,-78.6527474464684,38.2950709759571,17
3,-78.6501062699722,38.3012537300278,17
4,-78.6405620185427,38.2978322059304,17
5,-78.6445838100256,38.3007735161194,17
6,-78.6469848795676,38.3043751204324,17
7,-78.6490257886783,38.2987326070087,17
8,-78.6441636228557,38.2976521257148,17
9,-78.6455442378424,38.2958513235582,17
10,-78.6441636228557,38.2944707085716,17
11,-78.6441035961171,38.2915293983826,17
12,-78.6517870186516,38.29495092248,17
0,-78.6585100133693,38.2928499866307,18
1,-78.6607910294342,38.2916494518597,18
2,-78.661211216604,38.2915894251212,18
3,-78.661211216604,38.2915894251212,18
4,-78.661211216604,38.2915894251212,18
5,-78.661211216604,38.2915894251212,18
6,-78.661211216604,38.2915894251212,18
7,-78.661211216604,38.2915894251212,18
8,-78.661211216604,38.2915894251212,18
9,-78.661211216604,38.2915894251212,18
10,-78.661211216604,38.2915894251212,18
11,-78.661211216604,38.2915894251212,18
12,-78.661211216604,38.2915894251212,18
0,-78.6585100133693,38.2928499866307,19
1,-78.652807473207,38.2954311363884,19
2,-78.6449439704569,38.2980723128846,19
3,-78.6464446389206,38.2940505214017,19
4,-78.6470449063061,38.2884680347165,19
5,-78.6444637565484,38.2912292646899,19
6,-78.6447638902412,38.2849864838806,19
7,-78.6516669651745,38.2825253876,19
8,-78.6454842111038,38.2821052004302,19
9,-78.6435633554702,38.2834858154168,19
10,-78.6384010559548,38.2821052004302,19
11,-78.6404419650656,38.2779633554702,19
12,-78.6463245854435,38.2702799329357,19
0,-78.6585100133693,38.2928499866307,20
1,-78.6603108155258,38.2959113502968,20
2,-78.6562289973044,38.3001732487339,20
3,-78.6529275266841,38.2894284625333,20
4,-78.6520271256058,38.2960914305124,20
5,-78.6546082753635,38.2865471790829,20
6,-78.6458443715351,38.277183007869,20
7,-78.6479453073844,38.276522713745,20
8,-78.6453641576267,38.2882879545009,20
9,-78.6533477138539,38.2807245854435,20
10,-78.654008007978,38.2872674999455,20
11,-78.654008007978,38.2872674999455,20
12,-78.654008007978,38.2872674999455,20
0,-78.6585100133693,38.2928499866307,21
1,-78.6577296657681,38.2881679010238,21
2,-78.6577296657681,38.2881679010238,21
3,-78.6577296657681,38.2881679010238,21
4,-78.6577296657681,38.2881679010238,21
5,-78.6577296657681,38.2881679010238,21
6,-78.6577296657681,38.2881679010238,21
7,-78.6577296657681,38.2881679010238,21
8,-78.6577296657681,38.2881679010238,21
9,-78.6577296657681,38.2881679010238,21
10,-78.6577296657681,38.2881679010238,21
11,-78.6577296657681,38.2881679010238,21
12,-78.6577296657681,38.2881679010238,21
0,-78.6585100133693,38.2928499866307,22
1,-78.6543081416707,38.3026343450145,22
2,-78.6630120187606,38.2981923663617,22
3,-78.6591703074933,38.2975920989762,22
4,-78.6523272592986,38.2955511898655,22
5,-78.6521471790829,38.2953711096498,22
6,-78.6521471790829,38.2953711096498,22
7,-78.6521471790829,38.2953711096498,22
8,-78.6521471790829,38.2953711096498,22
9,-78.6521471790829,38.2953711096498,22
10,-78.6521471790829,38.2953711096498,22
11,-78.6521471790829,38.2953711096498,22
12,-78.6521471790829,38.2953711096498,22
0,-78.6585100133693,38.2928499866307,23
1,-78.6655931685182,38.3100776605947,23
2,-78.6709955749878,38.3118184360127,23
3,-78.6708755215107,38.3098375536405,23
4,-78.6632521257148,38.3091172327779,23
5,-78.6482454410771,38.3166205750967,23
6,-78.6387612163861,38.3113382221043,23
7,-78.633178729701,38.3103177675489,23
8,-78.6399017244186,38.3059958423733,23
9,-78.6447038635027,38.3018539974133,23
10,-78.642122713745,38.3037748530469,23
11,-78.6504064036649,38.3113982488428,23
12,-78.6471049330447,38.316980735528,23
0,-78.6585100133693,38.2928499866307,24
1,-78.6579697727223,38.2951910294342,24
2,-78.6579697727223,38.2951910294342,24
3,-78.6579697727223,38.2951910294342,24
4,-78.6579697727223,38.2951910294342,24
5,-78.6579697727223,38.2951910294342,24
6,-78.6579697727223,38.2951910294342,24
7,-78.6579697727223,38.2951910294342,24
8,-78.6579697727223,38.2951910294342,24
9,-78.6579697727223,38.2951910294342,24
10,-78.6579697727223,38.2951910294342,24
11,-78.6579697727223,38.2951910294342,24
12,-78.6579697727223,38.2951910294342,24
0,-78.6585100133693,38.2928499866307,25
1,-78.6610311363884,38.3019740508904,25
2,-78.6600707085716,38.3041950402168,25
3,-78.6616914305124,38.3077366177912,25
4,-78.6616914305124,38.3077366177912,25
5,-78.6616914305124,38.3077366177912,25
6,-78.6616914305124,38.3077366177912,25
7,-78.6616914305124,38.3077366177912,25
8,-78.6616914305124,38.3077366177912,25
9,-78.6616914305124,38.3077366177912,25
10,-78.6616914305124,38.3077366177912,25
11,-78.6616914305124,38.3077366177912,25
12,-78.6616914305124,38.3077366177912,25
0,-78.6585100133693,38.2928499866307,26
1,-78.6546082753635,38.289068302102,26
2,-78.6562289973044,38.2910491844742,26
3,-78.6562289973044,38.2910491844742,26
4,-78.6562289973044,38.2910491844742,26
5,-78.6562289973044,38.2910491844742,26
6,-78.6562289973044,38.2910491844742,26
7,-78.6562289973044,38.2910491844742,26
8,-78.6562289973044,38.2910491844742,26
9,-78.6562289973044,38.2910491844742,26
10,-78.6562289973044,38.2910491844742,26
11,-78.6562289973044,38.2910491844742,26
12,-78.6562289973044,38.2910491844742,26
0,-78.6585100133693,38.2928499866307,27
1,-78.6606109492185,38.2912892914284,27
2,-78.6606109492185,38.2912892914284,27
3,-78.6606109492185,38.2912892914284,27
4,-78.6606109492185,38.2912892914284,27
5,-78.6606109492185,38.2912892914284,27
6,-78.6606109492185,38.2912892914284,27
7,-78.6606109492185,38.2912892914284,27
8,-78.6606109492185,38.2912892914284,27
9,-78.6606109492185,38.2912892914284,27
10,-78.6606109492185,38.2912892914284,27
11,-78.6606109492185,38.2912892914284,27
12,-78.6606109492185,38.2912892914284,27
0,-78.6585100133693,38.2928499866307,28
1,-78.6559288636116,38.2883479812394,28
2,-78.6492658956325,38.2900287299188,28
3,-78.6524473127757,38.2974120187606,28
4,-78.6536478475467,38.2998731150411,28
5,-78.6543681684093,38.3036547995698,28
6,-78.6555086764417,38.3070763236672,28
7,-78.6592303342319,38.314579665986,28
8,-78.6578497192452,38.3149398264173,28
9,-78.661751457251,38.3145196392475,28
10,-78.6564691042585,38.3155400938028,28
11,-78.6492658956325,38.3207624200567,28
12,-78.6466847458748,38.3171007890051,28
0,-78.6585100133693,38.2928499866307,29
1,-78.658149852938,38.296151457251,29
2,-78.6624717781136,38.2940505214017,29
3,-78.6592903609704,38.2892483823177,29
4,-78.6536478475467,38.2865471790829,29
5,-78.6481854143386,38.2879277940696,29
6,-78.6477652271687,38.2833057352012,29
7,-78.6458443715351,38.2803043982737,29
8,-78.6477652271687,38.2859469116974,29
9,-78.6481253876,38.2861870186516,29
10,-78.6510066710505,38.27838354264,29
11,-78.6505864838806,38.2728610826934,29
12,-78.6583899598922,38.2613959756302,29
0,-78.6585100133693,38.2928499866307,30
1,-78.6619915642052,38.2959113502968,30
2,-78.6679942380603,38.2957912968197,30
3,-78.668294371753,38.2863070721287,30
4,-78.6663735161194,38.2753822057125,30
5,-78.6760978477646,38.2701598794586,30
6,-78.6761578745031,38.2778433019931,30
7,-78.6833010563906,38.2744818046343,30
8,-78.6809600135872,38.2766427672221,30
9,-78.6809600135872,38.2766427672221,30
10,-78.6809600135872,38.2766427672221,30
11,-78.6809600135872,38.2766427672221,30
12,-78.6809600135872,38.2766427672221,30
0,-78.6585100133693,38.2928499866307,31
1,-78.6560489170887,38.2972319385449,31
2,-78.6560489170887,38.2972319385449,31
3,-78.6560489170887,38.2972319385449,31
4,-78.6560489170887,38.2972319385449,31
5,-78.6560489170887,38.2972319385449,31
6,-78.6560489170887,38.2972319385449,31
7,-78.6560489170887,38.2972319385449,31
8,-78.6560489170887,38.2972319385449,31
9,-78.6560489170887,38.2972319385449,31
10,-78.6560489170887,38.2972319385449,31
11,-78.6560489170887,38.2972319385449,31
12,-78.6560489170887,38.2972319385449,31
0,-78.6585100133693,38.2928499866307,32
1,-78.6651129546098,38.2964515909438,32
2,-78.663492232669,38.2962114839896,32
3,-78.663492232669,38.2962114839896,32
4,-78.663492232669,38.2962114839896,32
5,-78.663492232669,38.2962114839896,32
6,-78.663492232669,38.2962114839896,32
7,-78.663492232669,38.2962114839896,32
8,-78.663492232669,38.2962114839896,32
9,-78.663492232669,38.2962114839896,32
10,-78.663492232669,38.2962114839896,32
11,-78.663492232669,38.2962114839896,32
12,-78.663492232669,38.2962114839896,32
0,-78.6585100133693,38.2928499866307,33
1,-78.6584499866307,38.2917695053368,33
2,-78.6613912968197,38.2956712433426,33
3,-78.6592303342319,38.3088771258237,33
4,-78.6547883555791,38.3023942380603,33
5,-78.6568292646899,38.3011937032892,33
6,-78.6540680347165,38.2979522594075,33
7,-78.6644526604858,38.3025743182759,33
8,-78.6574295320754,38.3114582755814,33
9,-78.6558088101345,38.3082768584382,33
10,-78.6506465106192,38.315780200757,33
11,-78.6478252539073,38.3127188370909,33
12,-78.6393014570331,38.3130789975222,33
0,-78.6585100133693,38.2928499866307,34
1,-78.6483054678157,38.2886481149322,34
2,-78.6471649597832,38.290268836873,34
3,-78.6473450399989,38.2944707085716,34
4,-78.6465046656592,38.2924297994609,34
5,-78.6389412966018,38.2870273929913,34
6,-78.6370204409682,38.2845062699722,34
7,-78.6318581414528,38.2740015907259,34
8,-78.6366002537983,38.2798842111038,34
9,-78.6393014570331,38.2756823394053,34
10,-78.6299973125578,38.2843261897565,34
11,-78.6228541306703,38.2865471790829,34
12,-78.6234543980558,38.2892483823177,34
0,-78.6585100133693,38.2928499866307,35
1,-78.6585700401078,38.2893684357948,35
2,-78.6585700401078,38.2893684357948,35
3,-78.6585700401078,38.2893684357948,35
4,-78.6585700401078,38.2893684357948,35
5,-78.6585700401078,38.2893684357948,35
6,-78.6585700401078,38.2893684357948,35
7,-78.6585700401078,38.2893684357948,35
8,-78.6585700401078,38.2893684357948,35
9,-78.6585700401078,38.2893684357948,35
10,-78.6585700401078,38.2893684357948,35
11,-78.6585700401078,38.2893684357948,35
12,-78.6585700401078,38.2893684357948,35
0,-78.6585100133693,38.2928499866307,36
1,-78.6558688368731,38.2964515909438,36
2,-78.6575495855525,38.2992128209171,36
3,-78.649866163018,38.298552526793,36
4,-78.6522072058215,38.3031145589229,36
5,-78.644523783287,38.3099576071176,36
6,-78.6464446389206,38.3146997194631,36
7,-78.6478852806458,38.3131990509994,36
8,-78.6473450399989,38.3196819387628,36
9,-78.6453641576267,38.3189616179002,36
10,-78.6456042645809,38.3185414307303,36
11,-78.6433832752545,38.3248442382782,36
12,-78.6447038635027,38.3178811366063,36
0,-78.6585100133693,38.2928499866307,37
1,-78.6661334091652,38.2840260560638,37
2,-78.6702152273866,38.279464023934,37
3,-78.6702152273866,38.279464023934,37
4,-78.6702152273866,38.279464023934,37
5,-78.6702152273866,38.279464023934,37
6,-78.6702152273866,38.279464023934,37
7,-78.6702152273866,38.279464023934,37
8,-78.6702152273866,38.279464023934,37
9,-78.6702152273866,38.279464023934,37
10,-78.6702152273866,38.279464023934,37
11,-78.6702152273866,38.279464023934,37
12,-78.6702152273866,38.279464023934,37
0,-78.6585100133693,38.2928499866307,38
1,-78.6568292646899,38.2887081416707,38
2,-78.6507065373577,38.2905089438272,38
3,-78.6408021254969,38.287207473207,38
4,-78.6361200398899,38.2821052004302,38
5,-78.6347394249033,38.2854066710505,38
6,-78.6287367510482,38.2861870186516,38
7,-78.6352796655502,38.2885880881936,38
8,-78.6304775264662,38.2817450399989,38
9,-78.6330586762239,38.2707601468441,38
10,-78.6366002537983,38.2654777938517,38
11,-78.6350995853346,38.2698597457659,38
12,-78.6394215105102,38.274781938327,38
0,-78.6585100133693,38.2928499866307,39
1,-78.6561689705658,38.2938104144475,39
2,-78.6524473127757,38.2987326070087,39
3,-78.6553886229647,38.3034747193542,39
4,-78.6570693716441,38.3050354145565,39
5,-78.6570693716441,38.3050354145565,39
6,-78.6570693716441,38.3050354145565,39
7,-78.6570693716441,38.3050354145565,39
8,-78.6570693716441,38.3050354145565,39
9,-78.6570693716441,38.3050354145565,39
10,-78.6570693716441,38.3050354145565,39
11,-78.6570693716441,38.3050354145565,39
12,-78.6570693716441,38.3050354145565,39
0,-78.6585100133693,38.2928499866307,40
1,-78.6562890240429,38.2881078742852,40
2,-78.6562890240429,38.2881078742852,40
3,-78.6562890240429,38.2881078742852,40
4,-78.6562890240429,38.2881078742852,40
5,-78.6562890240429,38.2881078742852,40
6,-78.6562890240429,38.2881078742852,40
7,-78.6562890240429,38.2881078742852,40
8,-78.6562890240429,38.2881078742852,40
9,-78.6562890240429,38.2881078742852,40
10,-78.6562890240429,38.2881078742852,40
11,-78.6562890240429,38.2881078742852,40
12,-78.6562890240429,38.2881078742852,40
0,-78.6585100133693,38.2928499866307,41
1,-78.6607310026956,38.2962114839896,41
2,-78.663492232669,38.29080907752,41
3,-78.6684744519687,38.2911692379513,41
4,-78.6657732487339,38.2957912968197,41
5,-78.6737568049611,38.2971118850678,41
6,-78.6739969119153,38.2948308690029,41
7,-78.6739969119153,38.2948308690029,41
8,-78.6739969119153,38.2948308690029,41
9,-78.6739969119153,38.2948308690029,41
10,-78.6739969119153,38.2948308690029,41
11,-78.6739969119153,38.2948308690029,41
12,-78.6739969119153,38.2948308690029,41
0,-78.6585100133693,38.2928499866307,42
1,-78.6627118850678,38.2914093449055,42
2,-78.6675740508904,38.2811447726134,42
3,-78.6744170990852,38.280664558705,42
4,-78.6748973129936,38.2876276603768,42
5,-78.6754375536405,38.284806403665,42
6,-78.675377526902,38.276522713745,42
7,-78.6693148263084,38.2783235159015,42
8,-78.6671538637205,38.2803043982737,42
9,-78.6667937032892,38.2809046656592,42
10,-78.6705153610794,38.2743017244186,42
11,-78.6678141578446,38.2745418313728,42
12,-78.660010681833,38.2673386227467,42
0,-78.6585100133693,38.2928499866307,43
1,-78.6620515909437,38.2924297994609,43
2,-78.6648128209171,38.2899086764417,43
3,-78.6674539974133,38.2788037298099,43
4,-78.6649328743942,38.2765827404835,43
5,-78.6642725802701,38.2822252539073,43
6,-78.6648728476556,38.2828855480313,43
7,-78.6584499866307,38.2898486497032,43
8,-78.6600707085716,38.2905689705658,43
9,-78.6600707085716,38.2905689705658,43
10,-78.6600707085716,38.2905689705658,43
11,-78.6600707085716,38.2905689705658,43
12,-78.6600707085716,38.2905689705658,43
0,-78.6585100133693,38.2928499866307,44
1,-78.6616914305124,38.2894284625333,44
2,-78.6616914305124,38.2894284625333,44
3,-78.6616914305124,38.2894284625333,44
4,-78.6616914305124,38.2894284625333,44
5,-78.6616914305124,38.2894284625333,44
6,-78.6616914305124,38.2894284625333,44
7,-78.6616914305124,38.2894284625333,44
8,-78.6616914305124,38.2894284625333,44
9,-78.6616914305124,38.2894284625333,44
10,-78.6616914305124,38.2894284625333,44
11,-78.6616914305124,38.2894284625333,44
12,-78.6616914305124,38.2894284625333,44
0,-78.6585100133693,38.2928499866307,45
1,-78.6592903609704,38.2936303342319,45
2,-78.6592903609704,38.2936303342319,45
3,-78.6592903609704,38.2936303342319,45
4,-78.6592903609704,38.2936303342319,45
5,-78.6592903609704,38.2936303342319,45
6,-78.6592903609704,38.2936303342319,45
7,-78.6592903609704,38.2936303342319,45
8,-78.6592903609704,38.2936303342319,45
9,-78.6592903609704,38.2936303342319,45
10,-78.6592903609704,38.2936303342319,45
11,-78.6592903609704,38.2936303342319,45
12,-78.6592903609704,38.2936303342319,45
0,-78.6585100133693,38.2928499866307,46
1,-78.6550284625333,38.2877477138539,46
2,-78.6637323396232,38.2974720454991,46
3,-78.665893302211,38.3027543984916,46
4,-78.665893302211,38.3032346124,46
5,-78.665893302211,38.3032346124,46
6,-78.665893302211,38.3032346124,46
7,-78.665893302211,38.3032346124,46
8,-78.665893302211,38.3032346124,46
9,-78.665893302211,38.3032346124,46
10,-78.665893302211,38.3032346124,46
11,-78.665893302211,38.3032346124,46
12,-78.665893302211,38.3032346124,46
0,-78.6585100133693,38.2928499866307,47
1,-78.6558088101345,38.2983124198388,47
2,-78.6558088101345,38.2983124198388,47
3,-78.6558088101345,38.2983124198388,47
4,-78.6558088101345,38.2983124198388,47
5,-78.6558088101345,38.2983124198388,47
6,-78.6558088101345,38.2983124198388,47
7,-78.6558088101345,38.2983124198388,47
8,-78.6558088101345,38.2983124198388,47
9,-78.6558088101345,38.2983124198388,47
10,-78.6558088101345,38.2983124198388,47
11,-78.6558088101345,38.2983124198388,47
12,-78.6558088101345,38.2983124198388,47
0,-78.6585100133693,38.2928499866307,48
1,-78.6625918315907,38.2929700401078,48
2,-78.66055092248,38.2946507887872,48
3,-78.6585700401078,38.2945907620487,48
4,-78.6650529278713,38.2932701738006,48
5,-78.6588701738006,38.2905089438272,48
6,-78.6520271256058,38.2960314037739,48
7,-78.6505864838806,38.2921296657681,48
8,-78.6573094785983,38.2969318048522,48
9,-78.6672739171976,38.2916494518597,48
10,-78.6757977140718,38.2909291309971,48
11,-78.6775384894898,38.2924898261994,48
12,-78.6689546658771,38.2881679010238,48
0,-78.6585100133693,38.2928499866307,49
1,-78.6565291309971,38.2993328743942,49
2,-78.6543081416707,38.2974720454991,49
3,-78.6618715107281,38.3001132219953,49
4,-78.6561089438272,38.3006534626423,49
5,-78.6535277940696,38.3019140241518,49
6,-78.6531076068997,38.3039549332626,49
7,-78.6468648260905,38.3082168316997,49
8,-78.6568292646899,38.3123586766596,49
9,-78.6531076068997,38.3160803344498,49
10,-78.6577896925067,38.3120585429669,49
11,-78.6568892914284,38.3162003879269,49
12,-78.6612712433426,38.3103177675489,49
0,-78.6585100133693,38.2928499866307,50
1,-78.6601907620487,38.2935703074933,50
2,-78.6601907620487,38.2935703074933,50
3,-78.6601907620487,38.2935703074933,50
4,-78.6601907620487,38.2935703074933,50
5,-78.6601907620487,38.2935703074933,50
6,-78.6601907620487,38.2935703074933,50
7,-78.6601907620487,38.2935703074933,50
8,-78.6601907620487,38.2935703074933,50
9,-78.6601907620487,38.2935703074933,50
10,-78.6601907620487,38.2935703074933,50
11,-78.6601907620487,38.2935703074933,50
12,-78.6601907620487,38.2935703074933,50
0,-78.6585100133693,38.2928499866307,51
1,-78.6590502540162,38.2898486497032,51
2,-78.6618114839896,38.2916494518597,51
3,-78.6609711096499,38.2951910294342,51
4,-78.6609711096499,38.2951910294342,51
5,-78.6609711096499,38.2951910294342,51
6,-78.6609711096499,38.2951910294342,51
7,-78.6609711096499,38.2951910294342,51
8,-78.6609711096499,38.2951910294342,51
9,-78.6609711096499,38.2951910294342,51
10,-78.6609711096499,38.2951910294342,51
11,-78.6609711096499,38.2951910294342,51
12,-78.6609711096499,38.2951910294342,51
0,-78.6585100133693,38.2928499866307,52
1,-78.6608510561727,38.2891283288406,52
2,-78.6661934359037,38.2890082753635,52
3,-78.6660133556881,38.2885280614551,52
4,-78.6645727139629,38.2928499866307,52
5,-78.6645727139629,38.2928499866307,52
6,-78.6645727139629,38.2928499866307,52
7,-78.6645727139629,38.2928499866307,52
8,-78.6645727139629,38.2928499866307,52
9,-78.6645727139629,38.2928499866307,52
10,-78.6645727139629,38.2928499866307,52
11,-78.6645727139629,38.2928499866307,52
12,-78.6645727139629,38.2928499866307,52
0,-78.6585100133693,38.2928499866307,53
1,-78.6532876871154,38.2936303342319,53
2,-78.6532876871154,38.2936303342319,53
3,-78.6532876871154,38.2936303342319,53
4,-78.6532876871154,38.2936303342319,53
5,-78.6532876871154,38.2936303342319,53
6,-78.6532876871154,38.2936303342319,53
7,-78.6532876871154,38.2936303342319,53
8,-78.6532876871154,38.2936303342319,53
9,-78.6532876871154,38.2936303342319,53
10,-78.6532876871154,38.2936303342319,53
11,-78.6532876871154,38.2936303342319,53
12,-78.6532876871154,38.2936303342319,53
0,-78.6585100133693,38.2928499866307,54
1,-78.6663134893808,38.2891883555791,54
2,-78.6686545321843,38.2831856817241,54
3,-78.6656531952568,38.2824053341229,54
4,-78.6625918315907,38.2795240506725,54
5,-78.6663134893808,38.2770629543919,54
6,-78.6586900935849,38.2814449063061,54
7,-78.6529275266841,38.2808446389206,54
8,-78.6523872860371,38.2843261897565,54
9,-78.6448239169798,38.2858268582203,54
10,-78.6438034624244,38.2875676336383,54
11,-78.6468648260905,38.2833657619397,54
12,-78.6437434356858,38.2824653608615,54
0,-78.6585100133693,38.2928499866307,55
1,-78.6546082753635,38.2871474464684,55
2,-78.6563490507815,38.2897285962261,55
3,-78.6582098796765,38.2951310026956,55
4,-78.6589302005391,38.2909891577357,55
5,-78.6622316711594,38.2927899598922,55
6,-78.6547283288406,38.290268836873,55
7,-78.657609612291,38.2885280614551,55
8,-78.660010681833,38.2857068047432,55
9,-78.6582699064151,38.2830056015084,55
10,-78.6561089438272,38.2827654945542,55
11,-78.6585700401078,38.2767628206992,55
12,-78.6561689705658,38.2729211094319,55
0,-78.6585100133693,38.2928499866307,56
1,-78.6578497192452,38.2924898261994,56
2,-78.6610911631269,38.2975320722377,56
3,-78.655208542749,38.3002332754724,56
4,-78.646264558705,38.3075565375756,56
5,-78.6463846121821,38.3068962434515,56
6,-78.6463846121821,38.3068962434515,56
7,-78.6463846121821,38.3068962434515,56
8,-78.6463846121821,38.3068962434515,56
9,-78.6463846121821,38.3068962434515,56
10,-78.6463846121821,38.3068962434515,56
11,-78.6463846121821,38.3068962434515,56
12,-78.6463846121821,38.3068962434515,56
0,-78.6585100133693,38.2928499866307,57
1,-78.6549084090562,38.2996930348255,57
2,-78.6550884892719,38.3008335428579,57
3,-78.6481854143386,38.3004733824266,57
4,-78.6481854143386,38.3004733824266,57
5,-78.6481854143386,38.3004733824266,57
6,-78.6481854143386,38.3004733824266,57
7,-78.6481854143386,38.3004733824266,57
8,-78.6481854143386,38.3004733824266,57
9,-78.6481854143386,38.3004733824266,57
10,-78.6481854143386,38.3004733824266,57
11,-78.6481854143386,38.3004733824266,57
12,-78.6481854143386,38.3004733824266,57
0,-78.6585100133693,38.2928499866307,58
1,-78.6594704411861,38.2905689705658,58
2,-78.6594704411861,38.2905689705658,58
3,-78.6594704411861,38.2905689705658,58
4,-78.6594704411861,38.2905689705658,58
5,-78.6594704411861,38.2905689705658,58
6,-78.6594704411861,38.2905689705658,58
7,-78.6594704411861,38.2905689705658,58
8,-78.6594704411861,38.2905689705658,58
9,-78.6594704411861,38.2905689705658,58
10,-78.6594704411861,38.2905689705658,58
11,-78.6594704411861,38.2905689705658,58
12,-78.6594704411861,38.2905689705658,58
0,-78.6585100133693,38.2928499866307,59
1,-78.6596505214017,38.2928499866307,59
2,-78.6565891577357,38.2939904946632,59
3,-78.6497461095409,38.3038348797855,59
4,-78.6557487833959,38.3078566712684,59
5,-78.6538279277623,38.3107379547188,59
6,-78.6524473127757,38.3104978477646,59
7,-78.6609711096499,38.3131390242608,59
8,-78.6597105481403,38.3238838104613,59
9,-78.6603708422643,38.3305467784405,59
10,-78.6598906283559,38.3329478479825,59
11,-78.6598906283559,38.3329478479825,59
12,-78.6598906283559,38.3329478479825,59
0,-78.6585100133693,38.2928499866307,60
1,-78.6614513235583,38.2938704411861,60
2,-78.6633121524533,38.2983724465774,60
3,-78.6710556017263,38.3007735161194,60
4,-78.670035147171,38.2970518583293,60
5,-78.6738768584382,38.3043751204324,60
6,-78.6727363504057,38.3002332754724,60
7,-78.6705153610794,38.3061759225889,60
8,-78.6759777942875,38.3217828746121,60
9,-78.6810800670643,38.3253244521866,60
10,-78.6793993183849,38.3178811366063,60
11,-78.6722561364973,38.3116983825356,60
12,-78.6750773932092,38.3143995857704,60
0,-78.6585100133693,38.2928499866307,61
1,-78.6612712433426,38.2939904946632,61
2,-78.6612712433426,38.2939904946632,61
3,-78.6612712433426,38.2939904946632,61
4,-78.6612712433426,38.2939904946632,61
5,-78.6612712433426,38.2939904946632,61
6,-78.6612712433426,38.2939904946632,61
7,-78.6612712433426,38.2939904946632,61
8,-78.6612712433426,38.2939904946632,61
9,-78.6612712433426,38.2939904946632,61
10,-78.6612712433426,38.2939904946632,61
11,-78.6612712433426,38.2939904946632,61
12,-78.6612712433426,38.2939904946632,61
0,-78.6585100133693,38.2928499866307,62
1,-78.661751457251,38.2959113502968,62
2,-78.6619315374667,38.2941105481403,62
3,-78.6643926337472,38.2923697727223,62
4,-78.6615113502968,38.2944707085716,62
5,-78.658149852938,38.2891883555791,62
6,-78.6642125535316,38.285466697789,62
7,-78.6696749867397,38.2815049330447,62
8,-78.6667937032892,38.2859469116974,62
9,-78.6603708422643,38.2899086764417,62
10,-78.6606109492185,38.2971118850678,62
11,-78.6543081416707,38.2977721791919,62
12,-78.6524473127757,38.3066561364973,62
0,-78.6585100133693,38.2928499866307,63
1,-78.6606709759571,38.2945307353101,63
2,-78.6667937032892,38.2870273929913,63
3,-78.6610311363884,38.2909291309971,63
4,-78.6588701738006,38.2844462432336,63
5,-78.6603108155258,38.2845662967108,63
6,-78.6645727139629,38.2887081416707,63
7,-78.6678741845832,38.2898486497032,63
8,-78.6645727139629,38.2946507887872,63
9,-78.6627719118064,38.2975920989762,63
10,-78.6589902272777,38.2936903609704,63
11,-78.6589902272777,38.2890082753635,63
12,-78.6599506550945,38.2933902272777,63
0,-78.6585100133693,38.2928499866307,64
1,-78.6685945054458,38.2981323396232,64
2,-78.6685945054458,38.2981323396232,64
3,-78.6685945054458,38.2981323396232,64
4,-78.6685945054458,38.2981323396232,64
5,-78.6685945054458,38.2981323396232,64
6,-78.6685945054458,38.2981323396232,64
7,-78.6685945054458,38.2981323396232,64
8,-78.6685945054458,38.2981323396232,64
9,-78.6685945054458,38.2981323396232,64
10,-78.6685945054458,38.2981323396232,64
11,-78.6685945054458,38.2981323396232,64
12,-78.6685945054458,38.2981323396232,64
0,-78.6585100133693,38.2928499866307,65
1,-78.6573695053368,38.289068302102,65
2,-78.6567692379513,38.2884680347165,65
3,-78.6567692379513,38.2884680347165,65
4,-78.6567692379513,38.2884680347165,65
5,-78.6567692379513,38.2884680347165,65
6,-78.6567692379513,38.2884680347165,65
7,-78.6567692379513,38.2884680347165,65
8,-78.6567692379513,38.2884680347165,65
9,-78.6567692379513,38.2884680347165,65
10,-78.6567692379513,38.2884680347165,65
11,-78.6567692379513,38.2884680347165,65
12,-78.6567692379513,38.2884680347165,65
0,-78.6585100133693,38.2928499866307,66
1,-78.6561089438272,38.2909291309971,66
2,-78.6561089438272,38.2909291309971,66
3,-78.6561089438272,38.2909291309971,66
4,-78.6561089438272,38.2909291309971,66
5,-78.6561089438272,38.2909291309971,66
6,-78.6561089438272,38.2909291309971,66
7,-78.6561089438272,38.2909291309971,66
8,-78.6561089438272,38.2909291309971,66
9,-78.6561089438272,38.2909291309971,66
10,-78.6561089438272,38.2909291309971,66
11,-78.6561089438272,38.2909291309971,66
12,-78.6561089438272,38.2909291309971,66
0,-78.6585100133693,38.2928499866307,67
1,-78.6618114839896,38.29495092248,67
2,-78.6618114839896,38.29495092248,67
3,-78.6618114839896,38.29495092248,67
4,-78.6618114839896,38.29495092248,67
5,-78.6618114839896,38.29495092248,67
6,-78.6618114839896,38.29495092248,67
7,-78.6618114839896,38.29495092248,67
8,-78.6618114839896,38.29495092248,67
9,-78.6618114839896,38.29495092248,67
10,-78.6618114839896,38.29495092248,67
11,-78.6618114839896,38.29495092248,67
12,-78.6618114839896,38.29495092248,67
0,-78.6585100133693,38.2928499866307,68
1,-78.6572494518597,38.293750387709,68
2,-78.6644526604858,38.3000531952568,68
3,-78.6598306016174,38.3016739171976,68
4,-78.6684144252301,38.3040149600011,68
5,-78.6684144252301,38.3040149600011,68
6,-78.6684144252301,38.3040149600011,68
7,-78.6684144252301,38.3040149600011,68
8,-78.6684144252301,38.3040149600011,68
9,-78.6684144252301,38.3040149600011,68
10,-78.6684144252301,38.3040149600011,68
11,-78.6684144252301,38.3040149600011,68
12,-78.6684144252301,38.3040149600011,68
0,-78.6585100133693,38.2928499866307,69
1,-78.6616914305124,38.2864271256058,69
2,-78.6596505214017,38.2806045319664,69
3,-78.6543081416707,38.2859469116974,69
4,-78.6543081416707,38.2859469116974,69
5,-78.6543081416707,38.2859469116974,69
6,-78.6543081416707,38.2859469116974,69
7,-78.6543081416707,38.2859469116974,69
8,-78.6543081416707,38.2859469116974,69
9,-78.6543081416707,38.2859469116974,69
10,-78.6543081416707,38.2859469116974,69
11,-78.6543081416707,38.2859469116974,69
12,-78.6543081416707,38.2859469116974,69
0,-78.6585100133693,38.2928499866307,70
1,-78.6553285962261,38.2847463769264,70
2,-78.6553285962261,38.2866072058215,70
3,-78.6574295320754,38.2893084090562,70
4,-78.6591703074933,38.2935703074933,70
5,-78.6595904946632,38.2995729813484,70
6,-78.664152526793,38.303894906524,70
7,-78.6587501203235,38.3122386231825,70
8,-78.6597705748788,38.3108580081959,70
9,-78.6597705748788,38.3108580081959,70
10,-78.6597705748788,38.3108580081959,70
11,-78.6597705748788,38.3108580081959,70
12,-78.6597705748788,38.3108580081959,70
0,-78.6585100133693,38.2928499866307,71
1,-78.6626518583293,38.2965116176823,71
2,-78.658149852938,38.2911092112128,71
3,-78.6613312700811,38.2941105481403,71
4,-78.6679942380603,38.2963315374666,71
5,-78.6643326070087,38.3033546658771,71
6,-78.6672739171976,38.3016739171976,71
7,-78.6672739171976,38.3016739171976,71
8,-78.6672739171976,38.3016739171976,71
9,-78.6672739171976,38.3016739171976,71
10,-78.6672739171976,38.3016739171976,71
11,-78.6672739171976,38.3016739171976,71
12,-78.6672739171976,38.3016739171976,71
0,-78.6585100133693,38.2928499866307,72
1,-78.6594704411861,38.2875076068997,72
2,-78.657609612291,38.2869673662528,72
3,-78.6573094785983,38.2873875534226,72
4,-78.6578497192452,38.2855267245276,72
5,-78.6578497192452,38.2855267245276,72
6,-78.6578497192452,38.2855267245276,72
7,-78.6578497192452,38.2855267245276,72
8,-78.6578497192452,38.2855267245276,72
9,-78.6578497192452,38.2855267245276,72
10,-78.6578497192452,38.2855267245276,72
11,-78.6578497192452,38.2855267245276,72
12,-78.6578497192452,38.2855267245276,72
0,-78.6585100133693,38.2928499866307,73
1,-78.6625318048522,38.2921296657681,73
2,-78.6625318048522,38.2921296657681,73
3,-78.6625318048522,38.2921296657681,73
4,-78.6625318048522,38.2921296657681,73
5,-78.6625318048522,38.2921296657681,73
6,-78.6625318048522,38.2921296657681,73
7,-78.6625318048522,38.2921296657681,73
8,-78.6625318048522,38.2921296657681,73
9,-78.6625318048522,38.2921296657681,73
10,-78.6625318048522,38.2921296657681,73
11,-78.6625318048522,38.2921296657681,73
12,-78.6625318048522,38.2921296657681,73
0,-78.6585100133693,38.2928499866307,74
1,-78.6457843447966,38.2897285962261,74
2,-78.6437434356858,38.2817450399989,74
3,-78.6492658956325,38.280664558705,74
4,-78.6545482486249,38.2858868849589,74
5,-78.6542481149322,38.2975920989762,74
6,-78.6545482486249,38.306836216713,74
7,-78.6526874197299,38.3079166980069,74
8,-78.6526874197299,38.3079166980069,74
9,-78.6526874197299,38.3079166980069,74
10,-78.6526874197299,38.3079166980069,74
11,-78.6526874197299,38.3079166980069,74
12,-78.6526874197299,38.3079166980069,74
0,-78.6585100133693,38.2928499866307,75
1,-78.658149852938,38.2895485160104,75
2,-78.6606709759571,38.2909891577357,75
3,-78.665353061564,38.2888882218864,75
4,-78.6684144252301,38.2798241843653,75
5,-78.667093836982,38.2815049330447,75
6,-78.6644526604858,38.2785035961171,75
7,-78.6652330080869,38.2790438367641,75
8,-78.6574295320754,38.2812047993519,75
9,-78.6555086764417,38.2819851469531,75
10,-78.6575495855525,38.2771229811305,75
11,-78.6571293983826,38.2737614837717,75
12,-78.6580297994609,38.272380868785,75
0,-78.6585100133693,38.2928499866307,76
1,-78.6585700401078,38.2903288636116,76
2,-78.6527474464684,38.2987926337472,76
3,-78.6459043982737,38.3007134893808,76
4,-78.6459043982737,38.3007134893808,76
5,-78.6459043982737,38.3007134893808,76
6,-78.6459043982737,38.3007134893808,76
7,-78.6459043982737,38.3007134893808,76
8,-78.6459043982737,38.3007134893808,76
9,-78.6459043982737,38.3007134893808,76
10,-78.6459043982737,38.3007134893808,76
11,-78.6459043982737,38.3007134893808,76
12,-78.6459043982737,38.3007134893808,76
0,-78.6585100133693,38.2928499866307,77
1,-78.6616314037739,38.2994529278713,77
2,-78.6671538637205,38.3031145589229,77
3,-78.6682343450145,38.3103777942875,77
4,-78.6722561364973,38.3199820724556,77
5,-78.6719560028046,38.3241839441541,77
6,-78.671895976066,38.3267650939118,77
7,-78.6652330080869,38.3230434361216,77
8,-78.6688946391385,38.3278455752057,77
9,-78.6655331417797,38.3312070725645,77
10,-78.6655931685182,38.3325276608126,77
11,-78.6627719118064,38.3321675003813,77
12,-78.649866163018,38.3289860832381,77
0,-78.6585100133693,38.2928499866307,78
1,-78.661211216604,38.2948308690029,78
2,-78.6635522594075,38.2855267245276,78
3,-78.6669137567663,38.2904489170887,78
4,-78.670035147171,38.2940505214017,78
5,-78.670035147171,38.2940505214017,78
6,-78.670035147171,38.2940505214017,78
7,-78.670035147171,38.2940505214017,78
8,-78.670035147171,38.2940505214017,78
9,-78.670035147171,38.2940505214017,78
10,-78.670035147171,38.2940505214017,78
11,-78.670035147171,38.2940505214017,78
12,-78.670035147171,38.2940505214017,78
0,-78.6585100133693,38.2928499866307,79
1,-78.656949318167,38.300953596335,79
2,-78.6573094785983,38.3026343450145,79
3,-78.6587501203235,38.2998130883026,79
4,-78.6576696390296,38.2999931685182,79
5,-78.6583899598922,38.2996330080869,79
6,-78.6591102807548,38.295611216604,79
7,-78.6618715107281,38.2962114839896,79
8,-78.6624717781136,38.29909276744,79
9,-78.6601307353101,38.2999331417797,79
10,-78.6604908957414,38.2978322059304,79
11,-78.6661334091652,38.2936903609704,79
12,-78.6661334091652,38.2936903609704,79
0,-78.6585100133693,38.2928499866307,80
1,-78.6586300668464,38.2962715107281,80
2,-78.6586300668464,38.2962715107281,80
3,-78.6586300668464,38.2962715107281,80
4,-78.6586300668464,38.2962715107281,80
5,-78.6586300668464,38.2962715107281,80
6,-78.6586300668464,38.2962715107281,80
7,-78.6586300668464,38.2962715107281,80
8,-78.6586300668464,38.2962715107281,80
9,-78.6586300668464,38.2962715107281,80
10,-78.6586300668464,38.2962715107281,80
11,-78.6586300668464,38.2962715107281,80
12,-78.6586300668464,38.2962715107281,80
0,-78.6585100133693,38.2928499866307,81
1,-78.6671538637205,38.2941705748788,81
2,-78.6678141578446,38.2953711096498,81
3,-78.6664935695965,38.2897285962261,81
4,-78.6595304679246,38.2807245854435,81
5,-78.6648728476556,38.2846863501878,81
6,-78.6732765910527,38.2881679010238,81
7,-78.6813201740185,38.2878077405925,81
8,-78.680719906633,38.2933902272777,81
9,-78.6783188370909,38.2933902272777,81
10,-78.6734566712684,38.2945907620487,81
11,-78.6734566712684,38.2945907620487,81
12,-78.6734566712684,38.2945907620487,81
0,-78.6585100133693,38.2928499866307,82
1,-78.6579097459838,38.2929100133693,82
2,-78.6579097459838,38.2929100133693,82
3,-78.6579097459838,38.2929100133693,82
4,-78.6579097459838,38.2929100133693,82
5,-78.6579097459838,38.2929100133693,82
6,-78.6579097459838,38.2929100133693,82
7,-78.6579097459838,38.2929100133693,82
8,-78.6579097459838,38.2929100133693,82
9,-78.6579097459838,38.2929100133693,82
10,-78.6579097459838,38.2929100133693,82
11,-78.6579097459838,38.2929100133693,82
12,-78.6579097459838,38.2929100133693,82
0,-78.6585100133693,38.2928499866307,83
1,-78.6549084090562,38.2905089438272,83
2,-78.664152526793,38.2846263234493,83
3,-78.6697350134782,38.2972319385449,83
4,-78.6757977140718,38.2923097459838,83
5,-78.6815002542341,38.2981923663617,83
6,-78.6813201740185,38.3039549332626,83
7,-78.675377526902,38.2999931685182,83
8,-78.675377526902,38.2999931685182,83
9,-78.675377526902,38.2999931685182,83
10,-78.675377526902,38.2999931685182,83
11,-78.675377526902,38.2999931685182,83
12,-78.675377526902,38.2999931685182,83
0,-78.6585100133693,38.2928499866307,84
1,-78.6501662967108,38.2882879545009,84
2,-78.6471049330447,38.2993328743942,84
3,-78.6541880881936,38.2929100133693,84
4,-78.6542481149322,38.2951910294342,84
5,-78.6541280614551,38.3008335428579,84
6,-78.642122713745,38.2998731150411,84
7,-78.6465046656592,38.3014338102434,84
8,-78.6465046656592,38.3014338102434,84
9,-78.6465046656592,38.3014338102434,84
10,-78.6465046656592,38.3014338102434,84
11,-78.6465046656592,38.3014338102434,84
12,-78.6465046656592,38.3014338102434,84
0,-78.6585100133693,38.2928499866307,85
1,-78.665353061564,38.2942306016174,85
2,-78.6696749867397,38.2963315374666,85
3,-78.6664335428579,38.3003533289495,85
4,-78.6714157621576,38.3088771258237,85
5,-78.665353061564,38.3109180349344,85
6,-78.6636122861461,38.3165605483582,85
7,-78.6636122861461,38.3165605483582,85
8,-78.6636122861461,38.3165605483582,85
9,-78.6636122861461,38.3165605483582,85
10,-78.6636122861461,38.3165605483582,85
11,-78.6636122861461,38.3165605483582,85
12,-78.6636122861461,38.3165605483582,85
0,-78.6585100133693,38.2928499866307,86
1,-78.6502263234493,38.2908691042586,86
2,-78.6463846121821,38.2914693716441,86
3,-78.6464446389206,38.2953711096498,86
4,-78.6429030613461,38.2945307353101,86
5,-78.6434433019931,38.2921296657681,86
6,-78.6535277940696,38.2831856817241,86
7,-78.6544281951478,38.2944707085716,86
8,-78.6555086764417,38.2963315374666,86
9,-78.6537679010238,38.296151457251,86
10,-78.6537679010238,38.296151457251,86
11,-78.6537679010238,38.296151457251,86
12,-78.6537679010238,38.296151457251,86
0,-78.6585100133693,38.2928499866307,87
1,-78.6588701738006,38.293210147062,87
2,-78.6588701738006,38.293210147062,87
3,-78.6588701738006,38.293210147062,87
4,-78.6588701738006,38.293210147062,87
5,-78.6588701738006,38.293210147062,87
6,-78.6588701738006,38.293210147062,87
7,-78.6588701738006,38.293210147062,87
8,-78.6588701738006,38.293210147062,87
9,-78.6588701738006,38.293210147062,87
10,-78.6588701738006,38.293210147062,87
11,-78.6588701738006,38.293210147062,87
12,-78.6588701738006,38.293210147062,87
0,-78.6585100133693,38.2928499866307,88
1,-78.6679942380603,38.3021541311061,88
2,-78.6812001205414,38.2954911631269,88
3,-78.6828808692208,38.2932701738006,88
4,-78.6890035965529,38.292549852938,88
5,-78.683120976175,38.2981323396232,88
6,-78.6852819387628,38.2968717781136,88
7,-78.6825207087895,38.3078566712684,88
8,-78.6823406285738,38.311638355797,88
9,-78.6821005216196,38.3140994520776,88
10,-78.6804197729402,38.3211826072266,88
11,-78.6768181686272,38.3282657623755,88
12,-78.6824606820509,38.3327677677668,88
0,-78.6585100133693,38.2928499866307,89
1,-78.6565291309971,38.2969318048522,89
2,-78.6565291309971,38.2969318048522,89
3,-78.6565291309971,38.2969318048522,89
4,-78.6565291309971,38.2969318048522,89
5,-78.6565291309971,38.2969318048522,89
6,-78.6565291309971,38.2969318048522,89
7,-78.6565291309971,38.2969318048522,89
8,-78.6565291309971,38.2969318048522,89
9,-78.6565291309971,38.2969318048522,89
10,-78.6565291309971,38.2969318048522,89
11,-78.6565291309971,38.2969318048522,89
12,-78.6565291309971,38.2969318048522,89
0,-78.6585100133693,38.2928499866307,90
1,-78.6543081416707,38.2971118850678,90
2,-78.6495060025867,38.2960314037739,90
3,-78.645724318058,38.3004133556881,90
4,-78.6476451736916,38.292009612291,90
5,-78.6533477138539,38.2863670988673,90
6,-78.6463245854435,38.2946507887872,90
7,-78.6434433019931,38.295611216604,90
8,-78.6459644250122,38.2994529278713,90
9,-78.6461445052279,38.2991527941785,90
10,-78.6483654945542,38.3006534626423,90
11,-78.6503463769264,38.2950709759571,90
12,-78.6503463769264,38.2950709759571,90
0,-78.6585100133693,38.2928499866307,91
1,-78.6580297994609,38.294410681833,91
2,-78.6580297994609,38.294410681833,91
3,-78.6580297994609,38.294410681833,91
4,-78.6580297994609,38.294410681833,91
5,-78.6580297994609,38.294410681833,91
6,-78.6580297994609,38.294410681833,91
7,-78.6580297994609,38.294410681833,91
8,-78.6580297994609,38.294410681833,91
9,-78.6580297994609,38.294410681833,91
10,-78.6580297994609,38.294410681833,91
11,-78.6580297994609,38.294410681833,91
12,-78.6580297994609,38.294410681833,91
0,-78.6585100133693,38.2928499866307,92
1,-78.6533477138539,38.2912292646899,92
2,-78.6533477138539,38.2912292646899,92
3,-78.6533477138539,38.2912292646899,92
4,-78.6533477138539,38.2912292646899,92
5,-78.6533477138539,38.2912292646899,92
6,-78.6533477138539,38.2912292646899,92
7,-78.6533477138539,38.2912292646899,92
8,-78.6533477138539,38.2912292646899,92
9,-78.6533477138539,38.2912292646899,92
10,-78.6533477138539,38.2912292646899,92
11,-78.6533477138539,38.2912292646899,92
12,-78.6533477138539,38.2912292646899,92
0,-78.6585100133693,38.2928499866307,93
1,-78.6575495855525,38.2883479812394,93
2,-78.6590502540162,38.2893084090562,93
3,-78.6585100133693,38.2897886229646,93
4,-78.6596505214017,38.287867767331,93
5,-78.6646327407014,38.2912892914284,93
6,-78.6660733824266,38.281865093476,93
7,-78.6644526604858,38.2863070721287,93
8,-78.6654130883026,38.294410681833,93
9,-78.6608510561727,38.2977721791919,93
10,-78.662291697898,38.2965116176823,93
11,-78.6604308690029,38.2992728476556,93
12,-78.6578497192452,38.2960314037739,93
0,-78.6585100133693,38.2928499866307,94
1,-78.6568892914284,38.2958513235582,94
2,-78.6534077405925,38.2809646923977,94
3,-78.6604308690029,38.2812648260905,94
4,-78.6642125535316,38.288408007978,94
5,-78.6669737835049,38.2861870186516,94
6,-78.6609711096499,38.2831856817241,94
7,-78.6615713770353,38.2762225800522,94
8,-78.6624717781136,38.2737614837717,94
9,-78.6599506550945,38.2652376868975,94
10,-78.6574295320754,38.2601954408592,94
11,-78.6538879545009,38.2591749863039,94
12,-78.6571894251212,38.2632568045253,94
0,-78.6585100133693,38.2928499866307,95
1,-78.6638523931003,38.291349318167,95
2,-78.6680542647988,38.2875676336383,95
3,-78.6701552006481,38.287207473207,95
4,-78.6662534626423,38.2782034624244,95
5,-78.6620515909437,38.2779033287316,95
6,-78.6615713770353,38.2719606816151,95
7,-78.6636723128846,38.2673386227467,95
8,-78.6619915642052,38.2682990505636,95
9,-78.6627118850678,38.2677588099166,95
10,-78.664152526793,38.2667383553612,95
11,-78.6655931685182,38.2597152269508,95
12,-78.6685945054458,38.2561136226378,95
0,-78.6585100133693,38.2928499866307,96
1,-78.659350387709,38.2924898261994,96
2,-78.659350387709,38.2924898261994,96
3,-78.659350387709,38.2924898261994,96
4,-78.659350387709,38.2924898261994,96
5,-78.659350387709,38.2924898261994,96
6,-78.659350387709,38.2924898261994,96
7,-78.659350387709,38.2924898261994,96
8,-78.659350387709,38.2924898261994,96
9,-78.659350387709,38.2924898261994,96
10,-78.659350387709,38.2924898261994,96
11,-78.659350387709,38.2924898261994,96
12,-78.659350387709,38.2924898261994,96
0,-78.6585100133693,38.2928499866307,97
1,-78.6525673662528,38.2931501203235,97
2,-78.6535878208081,38.2898486497032,97
3,-78.6568892914284,38.2881679010238,97
4,-78.654668302102,38.2838459758481,97
5,-78.6596505214017,38.2861269919131,97
6,-78.6532876871154,38.2879878208081,97
7,-78.658149852938,38.2887081416707,97
8,-78.6582699064151,38.2869673662528,97
9,-78.6660133556881,38.2810247191363,97
10,-78.6711156284649,38.2789838100256,97
11,-78.6679942380603,38.2769429009148,97
12,-78.666553596335,38.2842061362794,97
0,-78.6585100133693,38.2928499866307,98
1,-78.6607310026956,38.2969918315907,98
2,-78.6567092112128,38.2930900935849,98
3,-78.6558688368731,38.2971719118064,98
4,-78.652807473207,38.2986725802701,98
5,-78.652807473207,38.2986725802701,98
6,-78.652807473207,38.2986725802701,98
7,-78.652807473207,38.2986725802701,98
8,-78.652807473207,38.2986725802701,98
9,-78.652807473207,38.2986725802701,98
10,-78.652807473207,38.2986725802701,98
11,-78.652807473207,38.2986725802701,98
12,-78.652807473207,38.2986725802701,98
0,-78.6585100133693,38.2928499866307,99
1,-78.6592303342319,38.2896685694875,99
2,-78.6556287299188,38.2923697727223,99
3,-78.655208542749,38.2917094785983,99
4,-78.6542481149322,38.2845662967108,99
5,-78.6561689705658,38.2846263234493,99
6,-78.6521471790829,38.2938704411861,99
7,-78.6453641576267,38.2971118850678,99
8,-78.6487256549855,38.2982523931003,99
9,-78.6426029276534,38.2959113502968,99
10,-78.6482454410771,38.2945307353101,99
11,-78.6483054678157,38.2984925000545,99
12,-78.6525673662528,38.2974720454991,99
0,-78.6585100133693,38.2928499866307,100
1,-78.6565291309971,38.293750387709,100
2,-78.6573695053368,38.29495092248,100
3,-78.6573094785983,38.2951910294342,100
4,-78.6628319385449,38.2984324733159,100
5,-78.6570693716441,38.3028144252301,100
6,-78.6677541311061,38.3059958423733,100
7,-78.6662534626423,38.2931501203235,100
8,-78.6675740508904,38.2871474464684,100
9,-78.6648728476556,38.2765827404835,100
10,-78.6660133556881,38.2776031950389,100
11,-78.6660133556881,38.2776031950389,100
12,-78.6660133556881,38.2776031950389,100
